date,parcel_id,latitude,longitude,ndvi,precipitation_sum,temperature_2m_max,target_ndvi_7d
2025-02-12,Parsel_A,37.7127,33.6069,0.5544365939534294,0.8,4.2,0.5858470839857982
2025-02-13,Parsel_A,37.7127,33.6069,0.5544365939534294,8.4,0.5,0.5963172473299212
2025-02-14,Parsel_A,37.7127,33.6069,0.5544365939534294,0.0,1.2,0.6067874106740441
2025-02-15,Parsel_A,37.7127,33.6069,0.5544365939534294,0.0,7.4,0.617257574018167
2025-02-16,Parsel_A,37.7127,33.6069,0.5544365939534294,0.0,10.6,0.62772773736229
2025-02-17,Parsel_A,37.7127,33.6069,0.5649067572975524,0.0,11.9,0.638197900706413
2025-02-18,Parsel_A,37.7127,33.6069,0.5753769206416752,3.8,10.7,0.6486680640505359
2025-02-19,Parsel_A,37.7127,33.6069,0.5858470839857982,2.8,6.5,0.6591382273946589
2025-02-20,Parsel_A,37.7127,33.6069,0.5963172473299212,0.0,1.3,0.6280155582244193
2025-02-21,Parsel_A,37.7127,33.6069,0.6067874106740441,0.0,-2.0,0.5968928890541798
2025-02-22,Parsel_A,37.7127,33.6069,0.617257574018167,0.2,-1.7,0.5657702198839403
2025-02-23,Parsel_A,37.7127,33.6069,0.62772773736229,0.0,-2.3,0.5346475507137007
2025-02-24,Parsel_A,37.7127,33.6069,0.638197900706413,0.0,-1.0,0.5035248815434612
2025-02-25,Parsel_A,37.7127,33.6069,0.6486680640505359,0.0,4.4,0.47240221237322166
2025-02-26,Parsel_A,37.7127,33.6069,0.6591382273946589,0.0,8.2,0.4412795432029821
2025-02-27,Parsel_A,37.7127,33.6069,0.6280155582244193,0.0,9.0,0.4101568740327426
2025-02-28,Parsel_A,37.7127,33.6069,0.5968928890541798,0.0,9.9,0.37903420486250305
2025-03-01,Parsel_A,37.7127,33.6069,0.5657702198839403,0.6,10.4,0.3479115356922635
2025-03-02,Parsel_A,37.7127,33.6069,0.5346475507137007,0.0,12.9,0.39350513868119774
2025-03-03,Parsel_A,37.7127,33.6069,0.5035248815434612,4.7,5.9,0.4390987416701319
2025-03-04,Parsel_A,37.7127,33.6069,0.47240221237322166,0.0,8.9,0.48469234465906613
2025-03-05,Parsel_A,37.7127,33.6069,0.4412795432029821,0.0,12.5,0.5302859476480003
2025-03-06,Parsel_A,37.7127,33.6069,0.4101568740327426,0.0,14.4,0.5758795506369345
2025-03-07,Parsel_A,37.7127,33.6069,0.37903420486250305,0.0,14.5,0.6059321652014323
2025-03-08,Parsel_A,37.7127,33.6069,0.3479115356922635,0.0,16.1,0.6359847797659302
2025-03-09,Parsel_A,37.7127,33.6069,0.39350513868119774,0.0,18.7,0.6243675561064872
2025-03-10,Parsel_A,37.7127,33.6069,0.4390987416701319,0.0,19.1,0.6127503324470442
2025-03-11,Parsel_A,37.7127,33.6069,0.48469234465906613,0.0,20.9,0.6011331087876012
2025-03-12,Parsel_A,37.7127,33.6069,0.5302859476480003,0.0,21.5,0.5895158851281582
2025-03-13,Parsel_A,37.7127,33.6069,0.5758795506369345,0.0,22.0,0.5778986614687153
2025-03-14,Parsel_A,37.7127,33.6069,0.6059321652014323,0.0,23.1,0.5662814378092722
2025-03-15,Parsel_A,37.7127,33.6069,0.6359847797659302,0.0,25.0,0.5546642141498292
2025-03-16,Parsel_A,37.7127,33.6069,0.6243675561064872,0.0,27.5,0.5430469904903863
2025-03-17,Parsel_A,37.7127,33.6069,0.6127503324470442,1.0,23.2,0.6026918210424358
2025-03-18,Parsel_A,37.7127,33.6069,0.6011331087876012,0.2,18.7,0.6623366515944853
2025-03-19,Parsel_A,37.7127,33.6069,0.5895158851281582,1.9,8.8,0.6428422894499116
2025-03-20,Parsel_A,37.7127,33.6069,0.5778986614687153,1.3,0.8,0.623347927305338
2025-03-21,Parsel_A,37.7127,33.6069,0.5662814378092722,0.0,2.9,0.6038535651607643
2025-03-22,Parsel_A,37.7127,33.6069,0.5546642141498292,0.0,8.9,0.5843592030161906
2025-03-23,Parsel_A,37.7127,33.6069,0.5430469904903863,0.0,14.8,0.5648648408716169
2025-03-24,Parsel_A,37.7127,33.6069,0.6026918210424358,0.0,19.2,0.5453704787270433
2025-03-25,Parsel_A,37.7127,33.6069,0.6623366515944853,0.0,23.2,0.5258761165824697
2025-03-26,Parsel_A,37.7127,33.6069,0.6428422894499116,0.1,24.6,0.5063817544378959
2025-03-27,Parsel_A,37.7127,33.6069,0.623347927305338,0.0,25.2,0.4868873922933223
2025-03-28,Parsel_A,37.7127,33.6069,0.6038535651607643,0.0,25.1,0.4673930301487486
2025-03-29,Parsel_A,37.7127,33.6069,0.5843592030161906,0.0,20.8,0.447898668004175
2025-03-30,Parsel_A,37.7127,33.6069,0.5648648408716169,0.0,18.9,0.4284043058596013
2025-03-31,Parsel_A,37.7127,33.6069,0.5453704787270433,0.4,18.0,0.40890994371502765
2025-04-01,Parsel_A,37.7127,33.6069,0.5258761165824697,1.4,18.7,0.4254184813540185
2025-04-02,Parsel_A,37.7127,33.6069,0.5063817544378959,0.3,17.3,0.4419270189930093
2025-04-03,Parsel_A,37.7127,33.6069,0.4868873922933223,0.3,16.4,0.45843555663200014
2025-04-04,Parsel_A,37.7127,33.6069,0.4673930301487486,5.5,16.6,0.47494409427099094
2025-04-05,Parsel_A,37.7127,33.6069,0.447898668004175,0.1,17.6,0.4914526319099818
2025-04-06,Parsel_A,37.7127,33.6069,0.4284043058596013,0.0,18.0,0.5088898226668092
2025-04-07,Parsel_A,37.7127,33.6069,0.40890994371502765,0.0,20.2,0.5263270134236366
2025-04-08,Parsel_A,37.7127,33.6069,0.4254184813540185,0.3,20.4,0.543764204180464
2025-04-09,Parsel_A,37.7127,33.6069,0.4419270189930093,2.8,17.3,0.5612013949372915
2025-04-10,Parsel_A,37.7127,33.6069,0.45843555663200014,6.7,7.3,0.5786385856941189
2025-04-11,Parsel_A,37.7127,33.6069,0.47494409427099094,0.2,12.4,0.5729454051951443
2025-04-12,Parsel_A,37.7127,33.6069,0.4914526319099818,0.0,9.8,0.5672522246961696
2025-04-13,Parsel_A,37.7127,33.6069,0.5088898226668092,1.0,9.1,0.5615590441971949
2025-04-14,Parsel_A,37.7127,33.6069,0.5263270134236366,0.0,8.6,0.5558658636982203
2025-04-15,Parsel_A,37.7127,33.6069,0.543764204180464,0.0,13.8,0.5501726831992457
2025-04-16,Parsel_A,37.7127,33.6069,0.5612013949372915,0.0,18.0,0.535871588812231
2025-04-17,Parsel_A,37.7127,33.6069,0.5786385856941189,0.0,22.6,0.5215704944252163
2025-04-18,Parsel_A,37.7127,33.6069,0.5729454051951443,0.0,25.5,0.5072694000382015
2025-04-19,Parsel_A,37.7127,33.6069,0.5672522246961696,0.0,26.4,0.4929683056511869
2025-04-20,Parsel_A,37.7127,33.6069,0.5615590441971949,0.0,22.9,0.47866721126417217
2025-04-21,Parsel_A,37.7127,33.6069,0.5558658636982203,0.0,24.5,0.46436611687715745
2025-04-22,Parsel_A,37.7127,33.6069,0.5501726831992457,0.0,27.4,0.4500650224901427
2025-04-23,Parsel_A,37.7127,33.6069,0.535871588812231,0.2,26.6,0.43576392810312803
2025-04-24,Parsel_A,37.7127,33.6069,0.5215704944252163,0.0,24.7,0.42146283371611326
2025-04-25,Parsel_A,37.7127,33.6069,0.5072694000382015,0.0,20.7,0.4071617393290986
2025-04-26,Parsel_A,37.7127,33.6069,0.4929683056511869,2.0,19.4,0.39286064494208384
2025-04-27,Parsel_A,37.7127,33.6069,0.47866721126417217,0.1,21.4,0.3785595505550691
2025-04-28,Parsel_A,37.7127,33.6069,0.46436611687715745,0.0,22.4,0.3642584561680544
2025-04-29,Parsel_A,37.7127,33.6069,0.4500650224901427,38.3,14.3,0.3499573617810397
2025-04-30,Parsel_A,37.7127,33.6069,0.43576392810312803,4.1,18.2,0.335656267394025
2025-05-01,Parsel_A,37.7127,33.6069,0.42146283371611326,0.1,19.6,0.37133861107735217
2025-05-02,Parsel_A,37.7127,33.6069,0.4071617393290986,1.5,18.0,0.4070209547606794
2025-05-03,Parsel_A,37.7127,33.6069,0.39286064494208384,1.9,17.1,0.4427032984440066
2025-05-04,Parsel_A,37.7127,33.6069,0.3785595505550691,0.0,19.8,0.4783856421273338
2025-05-05,Parsel_A,37.7127,33.6069,0.3642584561680544,0.0,21.5,0.5140679858106609
2025-05-06,Parsel_A,37.7127,33.6069,0.3499573617810397,0.0,24.1,0.5497503294939882
2025-05-07,Parsel_A,37.7127,33.6069,0.335656267394025,0.0,27.0,0.5854326731773154
2025-05-08,Parsel_A,37.7127,33.6069,0.37133861107735217,2.1,22.6,0.6211150168606425
2025-05-09,Parsel_A,37.7127,33.6069,0.4070209547606794,0.0,28.4,0.6567973605439698
2025-05-10,Parsel_A,37.7127,33.6069,0.4427032984440066,0.3,30.2,0.692479704227297
2025-05-11,Parsel_A,37.7127,33.6069,0.4783856421273338,0.6,27.3,0.6718008682126424
2025-05-12,Parsel_A,37.7127,33.6069,0.5140679858106609,2.5,27.0,0.6511220321979879
2025-05-13,Parsel_A,37.7127,33.6069,0.5497503294939882,1.2,20.5,0.6304431961833333
2025-05-14,Parsel_A,37.7127,33.6069,0.5854326731773154,0.2,20.9,0.6097643601686789
2025-05-15,Parsel_A,37.7127,33.6069,0.6211150168606425,0.0,20.1,0.5890855241540243
2025-05-16,Parsel_A,37.7127,33.6069,0.6567973605439698,0.0,27.0,0.5815655341203487
2025-05-17,Parsel_A,37.7127,33.6069,0.692479704227297,0.0,29.5,0.5740455440866732
2025-05-18,Parsel_A,37.7127,33.6069,0.6718008682126424,0.0,29.4,0.5665255540529976
2025-05-19,Parsel_A,37.7127,33.6069,0.6511220321979879,0.0,23.9,0.5590055640193221
2025-05-20,Parsel_A,37.7127,33.6069,0.6304431961833333,0.0,25.8,0.5514855739856466
2025-05-21,Parsel_A,37.7127,33.6069,0.6097643601686789,0.0,25.6,0.5274719538632385
2025-05-22,Parsel_A,37.7127,33.6069,0.5890855241540243,0.0,28.1,0.5034583337408305
2025-05-23,Parsel_A,37.7127,33.6069,0.5815655341203487,0.0,29.5,0.47944471361842245
2025-05-24,Parsel_A,37.7127,33.6069,0.5740455440866732,0.0,29.5,0.45543109349601435
2025-05-25,Parsel_A,37.7127,33.6069,0.5665255540529976,0.0,32.2,0.4314174733736063
2025-05-26,Parsel_A,37.7127,33.6069,0.5590055640193221,0.0,32.6,0.40740385325119827
2025-05-27,Parsel_A,37.7127,33.6069,0.5514855739856466,0.0,27.7,0.38339023312879017
2025-05-28,Parsel_A,37.7127,33.6069,0.5274719538632385,0.0,23.8,0.35937661300638213
2025-05-29,Parsel_A,37.7127,33.6069,0.5034583337408305,5.3,24.5,0.3353629928839741
2025-05-30,Parsel_A,37.7127,33.6069,0.47944471361842245,0.3,22.7,0.31134937276156605
2025-05-31,Parsel_A,37.7127,33.6069,0.45543109349601435,3.1,22.0,0.3392694795941451
2025-06-01,Parsel_A,37.7127,33.6069,0.4314174733736063,1.3,21.8,0.36718958642672417
2025-06-02,Parsel_A,37.7127,33.6069,0.40740385325119827,0.5,21.6,0.39510969325930323
2025-06-03,Parsel_A,37.7127,33.6069,0.38339023312879017,0.0,22.4,0.4230298000918823
2025-06-04,Parsel_A,37.7127,33.6069,0.35937661300638213,0.0,24.2,0.45094990692446135
2025-06-05,Parsel_A,37.7127,33.6069,0.3353629928839741,0.0,28.2,0.40230762857286895
2025-06-06,Parsel_A,37.7127,33.6069,0.31134937276156605,0.0,30.8,0.35366535022127654
2025-06-07,Parsel_A,37.7127,33.6069,0.3392694795941451,0.0,31.2,0.4175635059008873
2025-06-08,Parsel_A,37.7127,33.6069,0.36718958642672417,0.0,30.5,0.4814616615804981
2025-06-09,Parsel_A,37.7127,33.6069,0.39510969325930323,0.0,32.8,0.5453598172601088
2025-06-10,Parsel_A,37.7127,33.6069,0.4230298000918823,0.0,32.5,0.512110873816937
2025-06-11,Parsel_A,37.7127,33.6069,0.45094990692446135,0.0,31.1,0.47886193037376507
2025-06-12,Parsel_A,37.7127,33.6069,0.40230762857286895,0.0,33.2,0.4456129869305932
2025-06-13,Parsel_A,37.7127,33.6069,0.35366535022127654,0.0,34.8,0.4123640434874213
2025-06-14,Parsel_A,37.7127,33.6069,0.4175635059008873,0.5,29.1,0.3791151000442494
2025-06-15,Parsel_A,37.7127,33.6069,0.4814616615804981,0.0,26.8,0.3592433978583829
2025-06-16,Parsel_A,37.7127,33.6069,0.5453598172601088,0.0,25.6,0.3393716956725164
2025-06-17,Parsel_A,37.7127,33.6069,0.512110873816937,0.0,25.5,0.39084511088880536
2025-06-18,Parsel_A,37.7127,33.6069,0.47886193037376507,0.0,27.5,0.4423185261050943
2025-06-19,Parsel_A,37.7127,33.6069,0.4456129869305932,0.0,30.0,0.49379194132138327
2025-06-20,Parsel_A,37.7127,33.6069,0.4123640434874213,0.0,32.0,0.45598596678135095
2025-06-21,Parsel_A,37.7127,33.6069,0.3791151000442494,0.0,32.0,0.4181799922413186
2025-06-22,Parsel_A,37.7127,33.6069,0.3592433978583829,0.0,28.3,0.38037401770128626
2025-06-23,Parsel_A,37.7127,33.6069,0.3393716956725164,0.0,27.5,0.3425680431612539
2025-06-24,Parsel_A,37.7127,33.6069,0.39084511088880536,0.0,29.8,0.30476206862122157
2025-06-25,Parsel_A,37.7127,33.6069,0.4423185261050943,0.0,33.0,0.3620823506570111
2025-06-26,Parsel_A,37.7127,33.6069,0.49379194132138327,0.0,33.7,0.4194026326928006
2025-06-27,Parsel_A,37.7127,33.6069,0.45598596678135095,0.0,33.5,0.4575686140584863
2025-06-28,Parsel_A,37.7127,33.6069,0.4181799922413186,0.0,32.2,0.495734595424172
2025-06-29,Parsel_A,37.7127,33.6069,0.38037401770128626,0.0,28.6,0.5339005767898577
2025-06-30,Parsel_A,37.7127,33.6069,0.3425680431612539,0.0,25.0,0.547153190060873
2025-07-01,Parsel_A,37.7127,33.6069,0.30476206862122157,0.0,29.6,0.5604058033318883
2025-07-02,Parsel_A,37.7127,33.6069,0.3620823506570111,0.0,28.9,0.5736584166029036
2025-07-03,Parsel_A,37.7127,33.6069,0.4194026326928006,0.0,25.2,0.5869110298739189
2025-07-04,Parsel_A,37.7127,33.6069,0.4575686140584863,0.0,25.8,0.6001636431449342
2025-07-05,Parsel_A,37.7127,33.6069,0.495734595424172,0.0,27.4,0.6156368885884721
2025-07-06,Parsel_A,37.7127,33.6069,0.5339005767898577,0.0,30.8,0.63111013403201
2025-07-07,Parsel_A,37.7127,33.6069,0.547153190060873,0.0,32.5,0.5613999723911931
2025-07-08,Parsel_A,37.7127,33.6069,0.5604058033318883,0.0,34.4,0.4916898107503763
2025-07-09,Parsel_A,37.7127,33.6069,0.5736584166029036,0.0,35.5,0.42197964910955943
2025-07-10,Parsel_A,37.7127,33.6069,0.5869110298739189,0.0,37.0,0.40242578002310475
2025-07-11,Parsel_A,37.7127,33.6069,0.6001636431449342,0.0,37.6,0.38287191093665013
2025-07-12,Parsel_A,37.7127,33.6069,0.6156368885884721,0.0,37.7,0.36331804185019545
2025-07-13,Parsel_A,37.7127,33.6069,0.63111013403201,0.0,38.3,0.3437641727637408
2025-07-14,Parsel_A,37.7127,33.6069,0.5613999723911931,0.0,38.5,0.32421030367728615
2025-07-15,Parsel_A,37.7127,33.6069,0.4916898107503763,0.0,37.8,0.4853156373268974
2025-07-16,Parsel_A,37.7127,33.6069,0.42197964910955943,0.0,33.9,0.6464209709765086
2025-07-17,Parsel_A,37.7127,33.6069,0.40242578002310475,0.0,33.8,0.5523279387552857
2025-07-18,Parsel_A,37.7127,33.6069,0.38287191093665013,0.0,36.2,0.45823490653406285
2025-07-19,Parsel_A,37.7127,33.6069,0.36331804185019545,0.0,34.3,0.36414187431283995
2025-07-20,Parsel_A,37.7127,33.6069,0.3437641727637408,0.0,33.3,0.3641348338657521
2025-07-21,Parsel_A,37.7127,33.6069,0.32421030367728615,0.0,34.1,0.3641277934186643
2025-07-22,Parsel_A,37.7127,33.6069,0.4853156373268974,0.0,34.7,0.3641207529715764
2025-07-23,Parsel_A,37.7127,33.6069,0.6464209709765086,0.0,36.1,0.3641137125244886
2025-07-24,Parsel_A,37.7127,33.6069,0.5523279387552857,0.0,35.7,0.3641066720774008
2025-07-25,Parsel_A,37.7127,33.6069,0.45823490653406285,0.0,33.5,0.39851474953666577
2025-07-26,Parsel_A,37.7127,33.6069,0.36414187431283995,0.0,33.0,0.4329228269959308
2025-07-27,Parsel_A,37.7127,33.6069,0.3641348338657521,0.0,36.8,0.4673309044551958
2025-07-28,Parsel_A,37.7127,33.6069,0.3641277934186643,0.0,39.5,0.5017389819144609
2025-07-29,Parsel_A,37.7127,33.6069,0.3641207529715764,0.0,39.0,0.5361470593737259
2025-07-30,Parsel_A,37.7127,33.6069,0.3641137125244886,0.0,38.8,0.5516968308165101
2025-07-31,Parsel_A,37.7127,33.6069,0.3641066720774008,0.0,37.2,0.5672466022592945
2025-08-01,Parsel_A,37.7127,33.6069,0.39851474953666577,0.0,36.4,0.5827963737020787
2025-08-02,Parsel_A,37.7127,33.6069,0.4329228269959308,0.0,34.2,0.5983461451448631
2025-08-03,Parsel_A,37.7127,33.6069,0.4673309044551958,0.0,33.8,0.6138959165876473
2025-08-04,Parsel_A,37.7127,33.6069,0.5017389819144609,0.0,34.4,0.6294456880304315
2025-08-05,Parsel_A,37.7127,33.6069,0.5361470593737259,0.0,36.3,0.6449954594732159
2025-08-06,Parsel_A,37.7127,33.6069,0.5516968308165101,0.0,37.5,0.6459372749496466
2025-08-07,Parsel_A,37.7127,33.6069,0.5672466022592945,0.0,36.3,0.6468790904260772
2025-08-08,Parsel_A,37.7127,33.6069,0.5827963737020787,0.0,34.0,0.6478209059025078
2025-08-09,Parsel_A,37.7127,33.6069,0.5983461451448631,0.0,34.2,0.6056950721305462
2025-08-10,Parsel_A,37.7127,33.6069,0.6138959165876473,0.0,34.3,0.5635692383585844
2025-08-11,Parsel_A,37.7127,33.6069,0.6294456880304315,0.0,34.0,0.5214434045866227
2025-08-12,Parsel_A,37.7127,33.6069,0.6449954594732159,0.0,33.3,0.47931757081466103
2025-08-13,Parsel_A,37.7127,33.6069,0.6459372749496466,0.0,34.0,0.4371917370426993
2025-08-14,Parsel_A,37.7127,33.6069,0.6468790904260772,0.0,36.3,0.5355999529551401
2025-08-15,Parsel_A,37.7127,33.6069,0.6478209059025078,0.0,37.7,0.6340081688675809
2025-08-16,Parsel_A,37.7127,33.6069,0.6056950721305462,0.0,33.2,0.6080428780839046
2025-08-17,Parsel_A,37.7127,33.6069,0.5635692383585844,0.0,33.7,0.5820775873002283
2025-08-18,Parsel_A,37.7127,33.6069,0.5214434045866227,0.0,34.2,0.5561122965165519
2025-08-19,Parsel_A,37.7127,33.6069,0.47931757081466103,0.0,33.2,0.5544923125460066
2025-08-20,Parsel_A,37.7127,33.6069,0.4371917370426993,0.0,33.2,0.5528723285754613
2025-08-21,Parsel_A,37.7127,33.6069,0.5355999529551401,0.0,31.8,0.551252344604916
2025-08-22,Parsel_A,37.7127,33.6069,0.6340081688675809,0.0,33.8,0.5496323606343706
2025-08-23,Parsel_A,37.7127,33.6069,0.6080428780839046,0.0,34.9,0.5480123766638253
2025-08-24,Parsel_A,37.7127,33.6069,0.5820775873002283,0.0,34.0,0.54639239269328
2025-08-25,Parsel_A,37.7127,33.6069,0.5561122965165519,0.0,30.5,0.5447724087227347
2025-08-26,Parsel_A,37.7127,33.6069,0.5544923125460066,0.0,30.0,0.5356971648937642
2025-08-27,Parsel_A,37.7127,33.6069,0.5528723285754613,0.0,29.4,0.5266219210647937
2025-08-28,Parsel_A,37.7127,33.6069,0.551252344604916,0.0,29.0,0.5175466772358231
2025-08-29,Parsel_A,37.7127,33.6069,0.5496323606343706,0.0,31.1,0.5257388992880586
2025-08-30,Parsel_A,37.7127,33.6069,0.5480123766638253,0.0,33.3,0.5339311213402941
2025-08-31,Parsel_A,37.7127,33.6069,0.54639239269328,0.0,34.4,0.5421233433925295
2025-09-01,Parsel_A,37.7127,33.6069,0.5447724087227347,0.0,35.1,0.5503155654447651
2025-09-02,Parsel_A,37.7127,33.6069,0.5356971648937642,0.0,33.0,0.5585077874970006
2025-09-03,Parsel_A,37.7127,33.6069,0.5266219210647937,0.0,30.0,0.566700009549236
2025-09-04,Parsel_A,37.7127,33.6069,0.5175466772358231,0.0,28.5,0.5748922316014715
2025-09-05,Parsel_A,37.7127,33.6069,0.5257388992880586,0.0,29.9,0.5244301675284548
2025-09-06,Parsel_A,37.7127,33.6069,0.5339311213402941,0.0,32.2,0.47396810345543816
2025-09-07,Parsel_A,37.7127,33.6069,0.5421233433925295,0.0,28.0,0.4235060393824215
2025-09-08,Parsel_A,37.7127,33.6069,0.5503155654447651,0.4,25.9,0.4569798819755439
2025-09-09,Parsel_A,37.7127,33.6069,0.5585077874970006,0.0,25.5,0.4904537245686663
2025-09-10,Parsel_A,37.7127,33.6069,0.566700009549236,0.0,26.9,0.5239275671617888
2025-09-11,Parsel_A,37.7127,33.6069,0.5748922316014715,0.0,26.2,0.5574014097549111
2025-09-12,Parsel_A,37.7127,33.6069,0.5244301675284548,0.0,28.6,0.5908752523480336
2025-09-13,Parsel_A,37.7127,33.6069,0.47396810345543816,0.0,29.5,0.5322808027689111
2025-09-14,Parsel_A,37.7127,33.6069,0.4235060393824215,0.0,28.5,0.47368635318978863
2025-09-15,Parsel_A,37.7127,33.6069,0.4569798819755439,0.0,30.4,0.4800840592228604
2025-09-16,Parsel_A,37.7127,33.6069,0.4904537245686663,0.0,29.6,0.48648176525593223
2025-09-17,Parsel_A,37.7127,33.6069,0.5239275671617888,0.0,29.6,0.492879471289004
2025-09-18,Parsel_A,37.7127,33.6069,0.5574014097549111,0.0,25.0,0.5165674396308689
2025-09-19,Parsel_A,37.7127,33.6069,0.5908752523480336,0.0,19.7,0.5402554079727339
2025-09-20,Parsel_A,37.7127,33.6069,0.5322808027689111,0.0,23.0,0.5639433763145987
2025-09-21,Parsel_A,37.7127,33.6069,0.47368635318978863,0.0,23.4,0.5876313446564636
2025-09-22,Parsel_A,37.7127,33.6069,0.4800840592228604,0.0,23.5,0.6113193129983285
2025-09-23,Parsel_A,37.7127,33.6069,0.48648176525593223,0.0,27.8,0.5240063538324982
2025-09-24,Parsel_A,37.7127,33.6069,0.492879471289004,0.0,28.1,0.43669339466666773
2025-09-25,Parsel_A,37.7127,33.6069,0.5165674396308689,0.0,27.6,0.4491174076403542
2025-09-26,Parsel_A,37.7127,33.6069,0.5402554079727339,0.0,26.0,0.4615414206140407
2025-09-27,Parsel_A,37.7127,33.6069,0.5639433763145987,0.0,24.2,0.47396543358772714
2025-09-28,Parsel_A,37.7127,33.6069,0.5876313446564636,0.0,27.9,0.4792403375530588
2025-09-29,Parsel_A,37.7127,33.6069,0.6113193129983285,0.0,26.5,0.4845152415183904
2025-09-30,Parsel_A,37.7127,33.6069,0.5240063538324982,6.8,20.4,0.4897901454837221
2025-10-01,Parsel_A,37.7127,33.6069,0.43669339466666773,0.0,20.5,0.49506504944905366
2025-10-02,Parsel_A,37.7127,33.6069,0.4491174076403542,0.0,22.3,0.5003399534143853
2025-10-03,Parsel_A,37.7127,33.6069,0.4615414206140407,0.0,25.1,0.505614857379717
2025-10-04,Parsel_A,37.7127,33.6069,0.47396543358772714,0.0,27.7,0.5108897613450486
2025-10-05,Parsel_A,37.7127,33.6069,0.4792403375530588,0.0,23.4,0.5304641507251668
2025-10-06,Parsel_A,37.7127,33.6069,0.4845152415183904,0.0,25.2,0.5500385401052851
2025-10-07,Parsel_A,37.7127,33.6069,0.4897901454837221,0.0,23.1,0.5696129294854033
2025-10-08,Parsel_A,37.7127,33.6069,0.49506504944905366,0.9,21.1,0.5336609225768221
2025-10-09,Parsel_A,37.7127,33.6069,0.5003399534143853,0.2,17.7,0.49770891566824094
2025-10-10,Parsel_A,37.7127,33.6069,0.505614857379717,0.0,17.4,0.46175690875965975
2025-10-11,Parsel_A,37.7127,33.6069,0.5108897613450486,0.0,19.5,0.42580490185107855
2025-10-12,Parsel_A,37.7127,33.6069,0.5304641507251668,2.4,11.6,0.38985289494249736
2025-10-13,Parsel_A,37.7127,33.6069,0.5500385401052851,0.0,14.9,0.43651443968743553
2025-10-14,Parsel_A,37.7127,33.6069,0.5696129294854033,0.0,18.2,0.48317598443237375
2025-10-15,Parsel_A,37.7127,33.6069,0.5336609225768221,0.0,19.5,0.5298375291773119
2025-10-16,Parsel_A,37.7127,33.6069,0.49770891566824094,0.0,20.5,0.5764990739222501
2025-10-17,Parsel_A,37.7127,33.6069,0.46175690875965975,0.0,21.1,0.6231606186671883
2025-10-18,Parsel_A,37.7127,33.6069,0.42580490185107855,0.0,22.8,0.5889342053821538
2025-10-19,Parsel_A,37.7127,33.6069,0.38985289494249736,0.0,21.4,0.5547077920971193
2025-10-20,Parsel_A,37.7127,33.6069,0.43651443968743553,0.0,19.1,0.5204813788120848
2025-10-21,Parsel_A,37.7127,33.6069,0.48317598443237375,0.0,19.6,0.4862549655270502
2025-10-22,Parsel_A,37.7127,33.6069,0.5298375291773119,0.1,22.1,0.4520285522420157
2025-10-23,Parsel_A,37.7127,33.6069,0.5764990739222501,0.0,22.8,0.41780213895698115
2025-10-24,Parsel_A,37.7127,33.6069,0.6231606186671883,0.0,24.0,0.38357572567194664
2025-10-25,Parsel_A,37.7127,33.6069,0.5889342053821538,0.0,24.0,0.3935877053444726
2025-10-26,Parsel_A,37.7127,33.6069,0.5547077920971193,0.0,21.6,0.4035996850169986
2025-10-27,Parsel_A,37.7127,33.6069,0.5204813788120848,0.0,25.1,0.4136116646895246
2025-10-28,Parsel_A,37.7127,33.6069,0.4862549655270502,0.2,24.5,0.4236236443620506
2025-10-29,Parsel_A,37.7127,33.6069,0.4520285522420157,0.0,17.1,0.4336356240345766
2025-10-30,Parsel_A,37.7127,33.6069,0.41780213895698115,0.0,17.3,0.4436476037071026
2025-10-31,Parsel_A,37.7127,33.6069,0.38357572567194664,0.0,21.0,0.4536595833796286
2025-11-01,Parsel_A,37.7127,33.6069,0.3935877053444726,0.0,20.1,0.46367156305215457
2025-11-02,Parsel_A,37.7127,33.6069,0.4035996850169986,0.0,18.9,0.4619824056250704
2025-11-03,Parsel_A,37.7127,33.6069,0.4136116646895246,0.0,23.0,0.4602932481979863
2025-11-04,Parsel_A,37.7127,33.6069,0.4236236443620506,0.0,21.5,0.45860409077090214
2025-11-05,Parsel_A,37.7127,33.6069,0.4336356240345766,0.0,21.8,0.456914933343818
2025-11-06,Parsel_A,37.7127,33.6069,0.4436476037071026,0.0,21.5,0.45522577591673385
2025-11-07,Parsel_A,37.7127,33.6069,0.4536595833796286,0.2,22.0,0.4535366184896497
2025-11-08,Parsel_A,37.7127,33.6069,0.46367156305215457,0.0,21.1,0.45184746106256557
2025-11-09,Parsel_A,37.7127,33.6069,0.4619824056250704,0.0,20.6,0.4501583036354814
2025-11-10,Parsel_A,37.7127,33.6069,0.4602932481979863,0.0,22.0,0.4484691462083973
2025-11-11,Parsel_A,37.7127,33.6069,0.45860409077090214,0.0,21.5,0.44677998878131314
2025-11-12,Parsel_A,37.7127,33.6069,0.456914933343818,0.0,18.5,0.4782024949663982
2025-11-13,Parsel_A,37.7127,33.6069,0.45522577591673385,0.3,15.8,0.5096250011514832
2025-11-14,Parsel_A,37.7127,33.6069,0.4535366184896497,0.5,12.4,0.44968766852447245
2025-11-15,Parsel_A,37.7127,33.6069,0.45184746106256557,0.0,8.1,0.3897503358974617
2025-11-16,Parsel_A,37.7127,33.6069,0.4501583036354814,0.0,13.6,0.32981300327045093
2025-11-17,Parsel_A,37.7127,33.6069,0.4484691462083973,0.0,16.4,0.364175104055706
2025-11-18,Parsel_A,37.7127,33.6069,0.44677998878131314,0.0,16.8,0.3985372048409611
2025-11-19,Parsel_A,37.7127,33.6069,0.4782024949663982,0.0,18.2,0.43289930562621615
2025-11-20,Parsel_A,37.7127,33.6069,0.5096250011514832,0.0,19.4,0.46726140641147124
2025-11-21,Parsel_A,37.7127,33.6069,0.44968766852447245,0.0,20.0,0.5016235071967263
2025-11-22,Parsel_A,37.7127,33.6069,0.3897503358974617,0.0,24.2,0.5359856079819814
2025-11-23,Parsel_A,37.7127,33.6069,0.32981300327045093,0.0,23.1,0.5703477087672364
2025-11-24,Parsel_A,37.7127,33.6069,0.364175104055706,1.1,20.9,0.6047098095524915
2025-11-25,Parsel_A,37.7127,33.6069,0.3985372048409611,0.9,14.7,0.6390719103377467
2025-11-26,Parsel_A,37.7127,33.6069,0.43289930562621615,0.0,16.6,0.6734340111230017
2025-11-27,Parsel_A,37.7127,33.6069,0.46726140641147124,0.0,16.9,0.6533417763275844
2025-11-28,Parsel_A,37.7127,33.6069,0.5016235071967263,0.0,16.0,0.633249541532167
2025-11-29,Parsel_A,37.7127,33.6069,0.5359856079819814,0.0,18.7,0.6131573067367496
2025-11-30,Parsel_A,37.7127,33.6069,0.5703477087672364,3.9,13.6,0.5930650719413322
2025-12-01,Parsel_A,37.7127,33.6069,0.6047098095524915,0.0,12.3,0.5729728371459148
2025-12-02,Parsel_A,37.7127,33.6069,0.6390719103377467,0.0,11.6,0.5528806023504975
2025-12-03,Parsel_A,37.7127,33.6069,0.6734340111230017,0.0,11.4,0.5327883675550801
2025-12-04,Parsel_A,37.7127,33.6069,0.6533417763275844,0.0,11.9,0.5126961327596627
2025-12-05,Parsel_A,37.7127,33.6069,0.633249541532167,4.3,13.2,0.4926038979642453
2025-12-06,Parsel_A,37.7127,33.6069,0.6131573067367496,15.0,15.1,0.472511663168828
2025-12-07,Parsel_A,37.7127,33.6069,0.5930650719413322,0.5,12.4,0.4524194283734106
2025-12-08,Parsel_A,37.7127,33.6069,0.5729728371459148,0.0,10.1,0.4323271935779932
2025-12-09,Parsel_A,37.7127,33.6069,0.5528806023504975,1.9,7.9,0.4122349587825758
2025-12-10,Parsel_A,37.7127,33.6069,0.5327883675550801,0.2,9.2,0.3921427239871585
2025-12-11,Parsel_A,37.7127,33.6069,0.5126961327596627,2.0,8.9,0.3720504891917411
2025-12-12,Parsel_A,37.7127,33.6069,0.4926038979642453,0.0,8.1,0.33613540872526604
2025-12-13,Parsel_A,37.7127,33.6069,0.472511663168828,0.0,8.3,0.30022032825879097
2025-12-14,Parsel_A,37.7127,33.6069,0.4524194283734106,0.0,7.4,0.3280100997602286
2025-12-15,Parsel_A,37.7127,33.6069,0.4323271935779932,0.1,7.1,0.35579987126166623
2025-12-16,Parsel_A,37.7127,33.6069,0.4122349587825758,0.0,4.6,0.3835896427631038
2025-12-17,Parsel_A,37.7127,33.6069,0.3921427239871585,0.0,4.7,0.41137941426454144
2025-12-18,Parsel_A,37.7127,33.6069,0.3720504891917411,0.0,6.3,0.4391691857659791
2025-12-19,Parsel_A,37.7127,33.6069,0.33613540872526604,0.0,7.9,0.4669589572674167
2025-12-20,Parsel_A,37.7127,33.6069,0.30022032825879097,0.0,7.7,0.49474872876885434
2025-12-21,Parsel_A,37.7127,33.6069,0.3280100997602286,0.1,9.4,0.5225385002702919
2025-12-22,Parsel_A,37.7127,33.6069,0.35579987126166623,0.0,9.4,0.5503282717717295
2025-12-23,Parsel_A,37.7127,33.6069,0.3835896427631038,0.0,11.6,0.5781180432731672
2025-12-24,Parsel_A,37.7127,33.6069,0.41137941426454144,0.0,10.8,0.5781180432731672
2025-12-25,Parsel_A,37.7127,33.6069,0.4391691857659791,0.3,9.9,0.5781180432731672
2025-12-26,Parsel_A,37.7127,33.6069,0.4669589572674167,0.8,8.0,0.5781180432731672
2025-12-27,Parsel_A,37.7127,33.6069,0.49474872876885434,2.1,3.5,0.5781180432731672
2025-12-28,Parsel_A,37.7127,33.6069,0.5225385002702919,0.0,2.5,0.5781180432731672
2025-12-29,Parsel_A,37.7127,33.6069,0.5503282717717295,0.9,0.6,0.5781180432731672
2025-12-30,Parsel_A,37.7127,33.6069,0.5781180432731672,5.6,7.1,0.5781180432731672
2025-12-31,Parsel_A,37.7127,33.6069,0.5781180432731672,35.0,4.7,0.5781180432731672
2026-01-01,Parsel_A,37.7127,33.6069,0.5781180432731672,3.0,-0.6,0.5781180432731672
2026-01-02,Parsel_A,37.7127,33.6069,0.5781180432731672,0.0,-5.0,0.5781180432731672
2026-01-03,Parsel_A,37.7127,33.6069,0.5781180432731672,0.0,2.0,0.5781180432731672
2026-01-04,Parsel_A,37.7127,33.6069,0.5781180432731672,0.0,5.6,0.5781180432731672
2026-01-05,Parsel_A,37.7127,33.6069,0.5781180432731672,0.0,8.9,0.5781180432731672
2026-01-06,Parsel_A,37.7127,33.6069,0.5781180432731672,0.0,10.2,0.5781180432731672
2026-01-07,Parsel_A,37.7127,33.6069,0.5781180432731672,0.6,13.1,0.5781180432731672
2026-01-08,Parsel_A,37.7127,33.6069,0.5781180432731672,5.9,16.8,0.5781180432731672
2026-01-09,Parsel_A,37.7127,33.6069,0.5781180432731672,5.4,7.1,0.5781180432731672
2026-01-10,Parsel_A,37.7127,33.6069,0.5781180432731672,0.7,10.4,0.5781180432731672
2026-01-11,Parsel_A,37.7127,33.6069,0.5781180432731672,1.8,12.3,0.5781180432731672
2026-01-12,Parsel_A,37.7127,33.6069,0.5781180432731672,19.2,6.1,0.5781180432731672
2026-01-13,Parsel_A,37.7127,33.6069,0.5781180432731672,0.9,1.5,0.5781180432731672
2026-01-14,Parsel_A,37.7127,33.6069,0.5781180432731672,0.0,0.1,0.5781180432731672
2026-01-15,Parsel_A,37.7127,33.6069,0.5781180432731672,0.1,3.7,0.5781180432731672
2026-01-16,Parsel_A,37.7127,33.6069,0.5781180432731672,0.0,6.8,0.5781180432731672
2026-01-17,Parsel_A,37.7127,33.6069,0.5781180432731672,0.6,2.0,0.5781180432731672
2026-01-18,Parsel_A,37.7127,33.6069,0.5781180432731672,0.1,-0.3,0.5781180432731672
2026-01-19,Parsel_A,37.7127,33.6069,0.5781180432731672,0.0,-0.9,0.5781180432731672
2026-01-20,Parsel_A,37.7127,33.6069,0.5781180432731672,0.1,0.2,0.5781180432731672
2026-01-21,Parsel_A,37.7127,33.6069,0.5781180432731672,0.0,0.6,0.5781180432731672
2026-01-22,Parsel_A,37.7127,33.6069,0.5781180432731672,6.3,9.1,0.5781180432731672
2026-01-23,Parsel_A,37.7127,33.6069,0.5781180432731672,5.4,9.7,0.5781180432731672
2026-01-24,Parsel_A,37.7127,33.6069,0.5781180432731672,5.7,6.4,0.5781180432731672
2026-01-25,Parsel_A,37.7127,33.6069,0.5781180432731672,0.0,11.5,0.5781180432731672
2026-01-26,Parsel_A,37.7127,33.6069,0.5781180432731672,0.0,14.6,0.5781180432731672
2026-01-27,Parsel_A,37.7127,33.6069,0.5781180432731672,0.8,11.6,0.5781180432731672
2026-01-28,Parsel_A,37.7127,33.6069,0.5781180432731672,3.5,9.9,0.5781180432731672
2026-01-29,Parsel_A,37.7127,33.6069,0.5781180432731672,0.1,13.0,0.5781180432731672
2025-02-12,Parsel_B,37.75,33.65,0.4976802537185874,0.8,4.2,0.47395367528050275
2025-02-13,Parsel_B,37.75,33.65,0.4976802537185874,8.4,0.5,0.4660448158011412
2025-02-14,Parsel_B,37.75,33.65,0.4976802537185874,0.0,1.2,0.45813595632177967
2025-02-15,Parsel_B,37.75,33.65,0.4976802537185874,0.0,7.4,0.45022709684241813
2025-02-16,Parsel_B,37.75,33.65,0.4976802537185874,0.0,10.6,0.4423182373630566
2025-02-17,Parsel_B,37.75,33.65,0.48977139423922583,0.0,11.9,0.43440937788369505
2025-02-18,Parsel_B,37.75,33.65,0.4818625347598643,3.8,10.7,0.4265005184043335
2025-02-19,Parsel_B,37.75,33.65,0.47395367528050275,2.8,6.5,0.41859165892497197
2025-02-20,Parsel_B,37.75,33.65,0.4660448158011412,0.0,1.3,0.43827386886411096
2025-02-21,Parsel_B,37.75,33.65,0.45813595632177967,0.0,-2.0,0.45795607880324996
2025-02-22,Parsel_B,37.75,33.65,0.45022709684241813,0.2,-1.7,0.4776382887423889
2025-02-23,Parsel_B,37.75,33.65,0.4423182373630566,0.0,-2.3,0.4973204986815279
2025-02-24,Parsel_B,37.75,33.65,0.43440937788369505,0.0,-1.0,0.5170027086206669
2025-02-25,Parsel_B,37.75,33.65,0.4265005184043335,0.0,4.4,0.5366849185598059
2025-02-26,Parsel_B,37.75,33.65,0.41859165892497197,0.0,8.2,0.5563671284989449
2025-02-27,Parsel_B,37.75,33.65,0.43827386886411096,0.0,9.0,0.5760493384380838
2025-02-28,Parsel_B,37.75,33.65,0.45795607880324996,0.0,9.9,0.5957315483772229
2025-03-01,Parsel_B,37.75,33.65,0.4776382887423889,0.6,10.4,0.6154137583163618
2025-03-02,Parsel_B,37.75,33.65,0.4973204986815279,0.0,12.9,0.5882181493284654
2025-03-03,Parsel_B,37.75,33.65,0.5170027086206669,4.7,5.9,0.5610225403405691
2025-03-04,Parsel_B,37.75,33.65,0.5366849185598059,0.0,8.9,0.5338269313526727
2025-03-05,Parsel_B,37.75,33.65,0.5563671284989449,0.0,12.5,0.5066313223647764
2025-03-06,Parsel_B,37.75,33.65,0.5760493384380838,0.0,14.4,0.47943571337687996
2025-03-07,Parsel_B,37.75,33.65,0.5957315483772229,0.0,14.5,0.40915517625861975
2025-03-08,Parsel_B,37.75,33.65,0.6154137583163618,0.0,16.1,0.3388746391403595
2025-03-09,Parsel_B,37.75,33.65,0.5882181493284654,0.0,18.7,0.34438347623017085
2025-03-10,Parsel_B,37.75,33.65,0.5610225403405691,0.0,19.1,0.34989231331998216
2025-03-11,Parsel_B,37.75,33.65,0.5338269313526727,0.0,20.9,0.35540115040979353
2025-03-12,Parsel_B,37.75,33.65,0.5066313223647764,0.0,21.5,0.3609099874996049
2025-03-13,Parsel_B,37.75,33.65,0.47943571337687996,0.0,22.0,0.36641882458941627
2025-03-14,Parsel_B,37.75,33.65,0.40915517625861975,0.0,23.1,0.37192766167922764
2025-03-15,Parsel_B,37.75,33.65,0.3388746391403595,0.0,25.0,0.37743649876903895
2025-03-16,Parsel_B,37.75,33.65,0.34438347623017085,0.0,27.5,0.3829453358588503
2025-03-17,Parsel_B,37.75,33.65,0.34989231331998216,1.0,23.2,0.3485048036048599
2025-03-18,Parsel_B,37.75,33.65,0.35540115040979353,0.2,18.7,0.3140642713508695
2025-03-19,Parsel_B,37.75,33.65,0.3609099874996049,1.9,8.8,0.325581704061583
2025-03-20,Parsel_B,37.75,33.65,0.36641882458941627,1.3,0.8,0.3370991367722964
2025-03-21,Parsel_B,37.75,33.65,0.37192766167922764,0.0,2.9,0.3486165694830099
2025-03-22,Parsel_B,37.75,33.65,0.37743649876903895,0.0,8.9,0.3601340021937234
2025-03-23,Parsel_B,37.75,33.65,0.3829453358588503,0.0,14.8,0.37165143490443686
2025-03-24,Parsel_B,37.75,33.65,0.3485048036048599,0.0,19.2,0.3831688676151503
2025-03-25,Parsel_B,37.75,33.65,0.3140642713508695,0.0,23.2,0.39468630032586377
2025-03-26,Parsel_B,37.75,33.65,0.325581704061583,0.1,24.6,0.4062037330365772
2025-03-27,Parsel_B,37.75,33.65,0.3370991367722964,0.0,25.2,0.4177211657472907
2025-03-28,Parsel_B,37.75,33.65,0.3486165694830099,0.0,25.1,0.42923859845800416
2025-03-29,Parsel_B,37.75,33.65,0.3601340021937234,0.0,20.8,0.44075603116871764
2025-03-30,Parsel_B,37.75,33.65,0.37165143490443686,0.0,18.9,0.45227346387943107
2025-03-31,Parsel_B,37.75,33.65,0.3831688676151503,0.4,18.0,0.46379089659014455
2025-04-01,Parsel_B,37.75,33.65,0.39468630032586377,1.4,18.7,0.4323874655731134
2025-04-02,Parsel_B,37.75,33.65,0.4062037330365772,0.3,17.3,0.40098403455608234
2025-04-03,Parsel_B,37.75,33.65,0.4177211657472907,0.3,16.4,0.3695806035390512
2025-04-04,Parsel_B,37.75,33.65,0.42923859845800416,5.5,16.6,0.33817717252202006
2025-04-05,Parsel_B,37.75,33.65,0.44075603116871764,0.1,17.6,0.306773741504989
2025-04-06,Parsel_B,37.75,33.65,0.45227346387943107,0.0,18.0,0.36907449233159745
2025-04-07,Parsel_B,37.75,33.65,0.46379089659014455,0.0,20.2,0.43137524315820586
2025-04-08,Parsel_B,37.75,33.65,0.4323874655731134,0.3,20.4,0.4936759939848143
2025-04-09,Parsel_B,37.75,33.65,0.40098403455608234,2.8,17.3,0.5559767448114228
2025-04-10,Parsel_B,37.75,33.65,0.3695806035390512,6.7,7.3,0.6182774956380312
2025-04-11,Parsel_B,37.75,33.65,0.33817717252202006,0.2,12.4,0.5546963310314188
2025-04-12,Parsel_B,37.75,33.65,0.306773741504989,0.0,9.8,0.49111516642480635
2025-04-13,Parsel_B,37.75,33.65,0.36907449233159745,1.0,9.1,0.42753400181819384
2025-04-14,Parsel_B,37.75,33.65,0.43137524315820586,0.0,8.6,0.3639528372115814
2025-04-15,Parsel_B,37.75,33.65,0.4936759939848143,0.0,13.8,0.30037167260496894
2025-04-16,Parsel_B,37.75,33.65,0.5559767448114228,0.0,18.0,0.3063104199183816
2025-04-17,Parsel_B,37.75,33.65,0.6182774956380312,0.0,22.6,0.31224916723179424
2025-04-18,Parsel_B,37.75,33.65,0.5546963310314188,0.0,25.5,0.3181879145452069
2025-04-19,Parsel_B,37.75,33.65,0.49111516642480635,0.0,26.4,0.32412666185861955
2025-04-20,Parsel_B,37.75,33.65,0.42753400181819384,0.0,22.9,0.3300654091720322
2025-04-21,Parsel_B,37.75,33.65,0.3639528372115814,0.0,24.5,0.33600415648544485
2025-04-22,Parsel_B,37.75,33.65,0.30037167260496894,0.0,27.4,0.3419429037988575
2025-04-23,Parsel_B,37.75,33.65,0.3063104199183816,0.2,26.6,0.34788165111227015
2025-04-24,Parsel_B,37.75,33.65,0.31224916723179424,0.0,24.7,0.3538203984256828
2025-04-25,Parsel_B,37.75,33.65,0.3181879145452069,0.0,20.7,0.35975914573909545
2025-04-26,Parsel_B,37.75,33.65,0.32412666185861955,2.0,19.4,0.3656978930525081
2025-04-27,Parsel_B,37.75,33.65,0.3300654091720322,0.1,21.4,0.37163664036592076
2025-04-28,Parsel_B,37.75,33.65,0.33600415648544485,0.0,22.4,0.3775753876793334
2025-04-29,Parsel_B,37.75,33.65,0.3419429037988575,38.3,14.3,0.38351413499274606
2025-04-30,Parsel_B,37.75,33.65,0.34788165111227015,4.1,18.2,0.3894528823061587
2025-05-01,Parsel_B,37.75,33.65,0.3538203984256828,0.1,19.6,0.39813281893798347
2025-05-02,Parsel_B,37.75,33.65,0.35975914573909545,1.5,18.0,0.40681275556980817
2025-05-03,Parsel_B,37.75,33.65,0.3656978930525081,1.9,17.1,0.41549269220163293
2025-05-04,Parsel_B,37.75,33.65,0.37163664036592076,0.0,19.8,0.42417262883345763
2025-05-05,Parsel_B,37.75,33.65,0.3775753876793334,0.0,21.5,0.4328525654652824
2025-05-06,Parsel_B,37.75,33.65,0.38351413499274606,0.0,24.1,0.44153250209710715
2025-05-07,Parsel_B,37.75,33.65,0.3894528823061587,0.0,27.0,0.45021243872893185
2025-05-08,Parsel_B,37.75,33.65,0.39813281893798347,2.1,22.6,0.4588923753607566
2025-05-09,Parsel_B,37.75,33.65,0.40681275556980817,0.0,28.4,0.4675723119925813
2025-05-10,Parsel_B,37.75,33.65,0.41549269220163293,0.3,30.2,0.47625224862440607
2025-05-11,Parsel_B,37.75,33.65,0.42417262883345763,0.6,27.3,0.4684503598114567
2025-05-12,Parsel_B,37.75,33.65,0.4328525654652824,2.5,27.0,0.46064847099850736
2025-05-13,Parsel_B,37.75,33.65,0.44153250209710715,1.2,20.5,0.45284658218555807
2025-05-14,Parsel_B,37.75,33.65,0.45021243872893185,0.2,20.9,0.4450446933726087
2025-05-15,Parsel_B,37.75,33.65,0.4588923753607566,0.0,20.1,0.43724280455965936
2025-05-16,Parsel_B,37.75,33.65,0.4675723119925813,0.0,27.0,0.453704128361534
2025-05-17,Parsel_B,37.75,33.65,0.47625224862440607,0.0,29.5,0.47016545216340866
2025-05-18,Parsel_B,37.75,33.65,0.4684503598114567,0.0,29.4,0.48662677596528325
2025-05-19,Parsel_B,37.75,33.65,0.46064847099850736,0.0,23.9,0.503088099767158
2025-05-20,Parsel_B,37.75,33.65,0.45284658218555807,0.0,25.8,0.5195494235690326
2025-05-21,Parsel_B,37.75,33.65,0.4450446933726087,0.0,25.6,0.5304204449296983
2025-05-22,Parsel_B,37.75,33.65,0.43724280455965936,0.0,28.1,0.5412914662903641
2025-05-23,Parsel_B,37.75,33.65,0.453704128361534,0.0,29.5,0.5521624876510298
2025-05-24,Parsel_B,37.75,33.65,0.47016545216340866,0.0,29.5,0.5630335090116956
2025-05-25,Parsel_B,37.75,33.65,0.48662677596528325,0.0,32.2,0.5739045303723613
2025-05-26,Parsel_B,37.75,33.65,0.503088099767158,0.0,32.6,0.5847755517330271
2025-05-27,Parsel_B,37.75,33.65,0.5195494235690326,0.0,27.7,0.595646573093693
2025-05-28,Parsel_B,37.75,33.65,0.5304204449296983,0.0,23.8,0.6065175944543587
2025-05-29,Parsel_B,37.75,33.65,0.5412914662903641,5.3,24.5,0.6173886158150245
2025-05-30,Parsel_B,37.75,33.65,0.5521624876510298,0.3,22.7,0.6282596371756902
2025-05-31,Parsel_B,37.75,33.65,0.5630335090116956,3.1,22.0,0.5918308474578564
2025-06-01,Parsel_B,37.75,33.65,0.5739045303723613,1.3,21.8,0.5554020577400226
2025-06-02,Parsel_B,37.75,33.65,0.5847755517330271,0.5,21.6,0.5189732680221888
2025-06-03,Parsel_B,37.75,33.65,0.595646573093693,0.0,22.4,0.4825444783043549
2025-06-04,Parsel_B,37.75,33.65,0.6065175944543587,0.0,24.2,0.44611568858652106
2025-06-05,Parsel_B,37.75,33.65,0.6173886158150245,0.0,28.2,0.4292258097922356
2025-06-06,Parsel_B,37.75,33.65,0.6282596371756902,0.0,30.8,0.4123359309979502
2025-06-07,Parsel_B,37.75,33.65,0.5918308474578564,0.0,31.2,0.453781951715399
2025-06-08,Parsel_B,37.75,33.65,0.5554020577400226,0.0,30.5,0.49522797243284783
2025-06-09,Parsel_B,37.75,33.65,0.5189732680221888,0.0,32.8,0.5366739931502966
2025-06-10,Parsel_B,37.75,33.65,0.4825444783043549,0.0,32.5,0.5402242789862644
2025-06-11,Parsel_B,37.75,33.65,0.44611568858652106,0.0,31.1,0.5437745648222321
2025-06-12,Parsel_B,37.75,33.65,0.4292258097922356,0.0,33.2,0.5473248506581998
2025-06-13,Parsel_B,37.75,33.65,0.4123359309979502,0.0,34.8,0.5508751364941675
2025-06-14,Parsel_B,37.75,33.65,0.453781951715399,0.5,29.1,0.5544254223301353
2025-06-15,Parsel_B,37.75,33.65,0.49522797243284783,0.0,26.8,0.4363655544212791
2025-06-16,Parsel_B,37.75,33.65,0.5366739931502966,0.0,25.6,0.31830568651242297
2025-06-17,Parsel_B,37.75,33.65,0.5402242789862644,0.0,25.5,0.31576800308507036
2025-06-18,Parsel_B,37.75,33.65,0.5437745648222321,0.0,27.5,0.3132303196577177
2025-06-19,Parsel_B,37.75,33.65,0.5473248506581998,0.0,30.0,0.3106926362303651
2025-06-20,Parsel_B,37.75,33.65,0.5508751364941675,0.0,32.0,0.32196224046691874
2025-06-21,Parsel_B,37.75,33.65,0.5544254223301353,0.0,32.0,0.3332318447034724
2025-06-22,Parsel_B,37.75,33.65,0.4363655544212791,0.0,28.3,0.3445014489400261
2025-06-23,Parsel_B,37.75,33.65,0.31830568651242297,0.0,27.5,0.35577105317657975
2025-06-24,Parsel_B,37.75,33.65,0.31576800308507036,0.0,29.8,0.3670406574131334
2025-06-25,Parsel_B,37.75,33.65,0.3132303196577177,0.0,33.0,0.4562737308859219
2025-06-26,Parsel_B,37.75,33.65,0.3106926362303651,0.0,33.7,0.5455068043587104
2025-06-27,Parsel_B,37.75,33.65,0.32196224046691874,0.0,33.5,0.5039018380498302
2025-06-28,Parsel_B,37.75,33.65,0.3332318447034724,0.0,32.2,0.4622968717409502
2025-06-29,Parsel_B,37.75,33.65,0.3445014489400261,0.0,28.6,0.42069190543207013
2025-06-30,Parsel_B,37.75,33.65,0.35577105317657975,0.0,25.0,0.460933764404849
2025-07-01,Parsel_B,37.75,33.65,0.3670406574131334,0.0,29.6,0.5011756233776279
2025-07-02,Parsel_B,37.75,33.65,0.4562737308859219,0.0,28.9,0.5414174823504068
2025-07-03,Parsel_B,37.75,33.65,0.5455068043587104,0.0,25.2,0.5816593413231856
2025-07-04,Parsel_B,37.75,33.65,0.5039018380498302,0.0,25.8,0.6219012002959645
2025-07-05,Parsel_B,37.75,33.65,0.4622968717409502,0.0,27.4,0.5556629453073593
2025-07-06,Parsel_B,37.75,33.65,0.42069190543207013,0.0,30.8,0.489424690318754
2025-07-07,Parsel_B,37.75,33.65,0.460933764404849,0.0,32.5,0.46264812661968674
2025-07-08,Parsel_B,37.75,33.65,0.5011756233776279,0.0,34.4,0.4358715629206195
2025-07-09,Parsel_B,37.75,33.65,0.5414174823504068,0.0,35.5,0.40909499922155224
2025-07-10,Parsel_B,37.75,33.65,0.5816593413231856,0.0,37.0,0.4022422211694902
2025-07-11,Parsel_B,37.75,33.65,0.6219012002959645,0.0,37.6,0.3953894431174282
2025-07-12,Parsel_B,37.75,33.65,0.5556629453073593,0.0,37.7,0.3885366650653662
2025-07-13,Parsel_B,37.75,33.65,0.489424690318754,0.0,38.3,0.3816838870133042
2025-07-14,Parsel_B,37.75,33.65,0.46264812661968674,0.0,38.5,0.37483110896124217
2025-07-15,Parsel_B,37.75,33.65,0.4358715629206195,0.0,37.8,0.3627920412134209
2025-07-16,Parsel_B,37.75,33.65,0.40909499922155224,0.0,33.9,0.35075297346559964
2025-07-17,Parsel_B,37.75,33.65,0.4022422211694902,0.0,33.8,0.40092332862618474
2025-07-18,Parsel_B,37.75,33.65,0.3953894431174282,0.0,36.2,0.45109368378676984
2025-07-19,Parsel_B,37.75,33.65,0.3885366650653662,0.0,34.3,0.5012640389473549
2025-07-20,Parsel_B,37.75,33.65,0.3816838870133042,0.0,33.3,0.5256599812834765
2025-07-21,Parsel_B,37.75,33.65,0.37483110896124217,0.0,34.1,0.550055923619598
2025-07-22,Parsel_B,37.75,33.65,0.3627920412134209,0.0,34.7,0.5744518659557194
2025-07-23,Parsel_B,37.75,33.65,0.35075297346559964,0.0,36.1,0.5988478082918409
2025-07-24,Parsel_B,37.75,33.65,0.40092332862618474,0.0,35.7,0.6232437506279624
2025-07-25,Parsel_B,37.75,33.65,0.45109368378676984,0.0,33.5,0.5925899974995013
2025-07-26,Parsel_B,37.75,33.65,0.5012640389473549,0.0,33.0,0.5619362443710401
2025-07-27,Parsel_B,37.75,33.65,0.5256599812834765,0.0,36.8,0.5312824912425789
2025-07-28,Parsel_B,37.75,33.65,0.550055923619598,0.0,39.5,0.5006287381141177
2025-07-29,Parsel_B,37.75,33.65,0.5744518659557194,0.0,39.0,0.46997498498565654
2025-07-30,Parsel_B,37.75,33.65,0.5988478082918409,0.0,38.8,0.4832234640488431
2025-07-31,Parsel_B,37.75,33.65,0.6232437506279624,0.0,37.2,0.4964719431120296
2025-08-01,Parsel_B,37.75,33.65,0.5925899974995013,0.0,36.4,0.5097204221752162
2025-08-02,Parsel_B,37.75,33.65,0.5619362443710401,0.0,34.2,0.5229689012384027
2025-08-03,Parsel_B,37.75,33.65,0.5312824912425789,0.0,33.8,0.5362173803015892
2025-08-04,Parsel_B,37.75,33.65,0.5006287381141177,0.0,34.4,0.5494658593647758
2025-08-05,Parsel_B,37.75,33.65,0.46997498498565654,0.0,36.3,0.5627143384279623
2025-08-06,Parsel_B,37.75,33.65,0.4832234640488431,0.0,37.5,0.5631274695238282
2025-08-07,Parsel_B,37.75,33.65,0.4964719431120296,0.0,36.3,0.5635406006196941
2025-08-08,Parsel_B,37.75,33.65,0.5097204221752162,0.0,34.0,0.5639537317155601
2025-08-09,Parsel_B,37.75,33.65,0.5229689012384027,0.0,34.2,0.5549525919580682
2025-08-10,Parsel_B,37.75,33.65,0.5362173803015892,0.0,34.3,0.5459514522005765
2025-08-11,Parsel_B,37.75,33.65,0.5494658593647758,0.0,34.0,0.5369503124430847
2025-08-12,Parsel_B,37.75,33.65,0.5627143384279623,0.0,33.3,0.5279491726855929
2025-08-13,Parsel_B,37.75,33.65,0.5631274695238282,0.0,34.0,0.5189480329281011
2025-08-14,Parsel_B,37.75,33.65,0.5635406006196941,0.0,36.3,0.46920772901962615
2025-08-15,Parsel_B,37.75,33.65,0.5639537317155601,0.0,37.7,0.4194674251111512
2025-08-16,Parsel_B,37.75,33.65,0.5549525919580682,0.0,33.2,0.4695824186934976
2025-08-17,Parsel_B,37.75,33.65,0.5459514522005765,0.0,33.7,0.519697412275844
2025-08-18,Parsel_B,37.75,33.65,0.5369503124430847,0.0,34.2,0.5698124058581904
2025-08-19,Parsel_B,37.75,33.65,0.5279491726855929,0.0,33.2,0.5736940130194634
2025-08-20,Parsel_B,37.75,33.65,0.5189480329281011,0.0,33.2,0.5775756201807365
2025-08-21,Parsel_B,37.75,33.65,0.46920772901962615,0.0,31.8,0.5814572273420096
2025-08-22,Parsel_B,37.75,33.65,0.4194674251111512,0.0,33.8,0.5853388345032825
2025-08-23,Parsel_B,37.75,33.65,0.4695824186934976,0.0,34.9,0.5892204416645556
2025-08-24,Parsel_B,37.75,33.65,0.519697412275844,0.0,34.0,0.5931020488258286
2025-08-25,Parsel_B,37.75,33.65,0.5698124058581904,0.0,30.5,0.5969836559871017
2025-08-26,Parsel_B,37.75,33.65,0.5736940130194634,0.0,30.0,0.5574001395651943
2025-08-27,Parsel_B,37.75,33.65,0.5775756201807365,0.0,29.4,0.5178166231432868
2025-08-28,Parsel_B,37.75,33.65,0.5814572273420096,0.0,29.0,0.4782331067213794
2025-08-29,Parsel_B,37.75,33.65,0.5853388345032825,0.0,31.1,0.4535132173716875
2025-08-30,Parsel_B,37.75,33.65,0.5892204416645556,0.0,33.3,0.42879332802199555
2025-08-31,Parsel_B,37.75,33.65,0.5931020488258286,0.0,34.4,0.4040734386723036
2025-09-01,Parsel_B,37.75,33.65,0.5969836559871017,0.0,35.1,0.37935354932261167
2025-09-02,Parsel_B,37.75,33.65,0.5574001395651943,0.0,33.0,0.35463365997291973
2025-09-03,Parsel_B,37.75,33.65,0.5178166231432868,0.0,30.0,0.32991377062322774
2025-09-04,Parsel_B,37.75,33.65,0.4782331067213794,0.0,28.5,0.3051938812735358
2025-09-05,Parsel_B,37.75,33.65,0.4535132173716875,0.0,29.9,0.3665489982259875
2025-09-06,Parsel_B,37.75,33.65,0.42879332802199555,0.0,32.2,0.42790411517843924
2025-09-07,Parsel_B,37.75,33.65,0.4040734386723036,0.0,28.0,0.48925923213089095
2025-09-08,Parsel_B,37.75,33.65,0.37935354932261167,0.4,25.9,0.48698359910677536
2025-09-09,Parsel_B,37.75,33.65,0.35463365997291973,0.0,25.5,0.48470796608265976
2025-09-10,Parsel_B,37.75,33.65,0.32991377062322774,0.0,26.9,0.4824323330585441
2025-09-11,Parsel_B,37.75,33.65,0.3051938812735358,0.0,26.2,0.4801567000344285
2025-09-12,Parsel_B,37.75,33.65,0.3665489982259875,0.0,28.6,0.4778810670103129
2025-09-13,Parsel_B,37.75,33.65,0.42790411517843924,0.0,29.5,0.46743698183501103
2025-09-14,Parsel_B,37.75,33.65,0.48925923213089095,0.0,28.5,0.4569928966597091
2025-09-15,Parsel_B,37.75,33.65,0.48698359910677536,0.0,30.4,0.45917138487193504
2025-09-16,Parsel_B,37.75,33.65,0.48470796608265976,0.0,29.6,0.4613498730841609
2025-09-17,Parsel_B,37.75,33.65,0.4824323330585441,0.0,29.6,0.46352836129638686
2025-09-18,Parsel_B,37.75,33.65,0.4801567000344285,0.0,25.0,0.44256540397050576
2025-09-19,Parsel_B,37.75,33.65,0.4778810670103129,0.0,19.7,0.4216024466446247
2025-09-20,Parsel_B,37.75,33.65,0.46743698183501103,0.0,23.0,0.4006394893187436
2025-09-21,Parsel_B,37.75,33.65,0.4569928966597091,0.0,23.4,0.37967653199286255
2025-09-22,Parsel_B,37.75,33.65,0.45917138487193504,0.0,23.5,0.35871357466698145
2025-09-23,Parsel_B,37.75,33.65,0.4613498730841609,0.0,27.8,0.3958073410684811
2025-09-24,Parsel_B,37.75,33.65,0.46352836129638686,0.0,28.1,0.43290110746998073
2025-09-25,Parsel_B,37.75,33.65,0.44256540397050576,0.0,27.6,0.46745297593156926
2025-09-26,Parsel_B,37.75,33.65,0.4216024466446247,0.0,26.0,0.5020048443931578
2025-09-27,Parsel_B,37.75,33.65,0.4006394893187436,0.0,24.2,0.5365567128547464
2025-09-28,Parsel_B,37.75,33.65,0.37967653199286255,0.0,27.9,0.5046175818829193
2025-09-29,Parsel_B,37.75,33.65,0.35871357466698145,0.0,26.5,0.47267845091109223
2025-09-30,Parsel_B,37.75,33.65,0.3958073410684811,6.8,20.4,0.4407393199392652
2025-10-01,Parsel_B,37.75,33.65,0.43290110746998073,0.0,20.5,0.4088001889674381
2025-10-02,Parsel_B,37.75,33.65,0.46745297593156926,0.0,22.3,0.37686105799561104
2025-10-03,Parsel_B,37.75,33.65,0.5020048443931578,0.0,25.1,0.344921927023784
2025-10-04,Parsel_B,37.75,33.65,0.5365567128547464,0.0,27.7,0.3129827960519569
2025-10-05,Parsel_B,37.75,33.65,0.5046175818829193,0.0,23.4,0.4222480043568299
2025-10-06,Parsel_B,37.75,33.65,0.47267845091109223,0.0,25.2,0.5315132126617029
2025-10-07,Parsel_B,37.75,33.65,0.4407393199392652,0.0,23.1,0.640778420966576
2025-10-08,Parsel_B,37.75,33.65,0.4088001889674381,0.9,21.1,0.5993203366545754
2025-10-09,Parsel_B,37.75,33.65,0.37686105799561104,0.2,17.7,0.5578622523425749
2025-10-10,Parsel_B,37.75,33.65,0.344921927023784,0.0,17.4,0.5164041680305743
2025-10-11,Parsel_B,37.75,33.65,0.3129827960519569,0.0,19.5,0.4749460837185738
2025-10-12,Parsel_B,37.75,33.65,0.4222480043568299,2.4,11.6,0.43348799940657323
2025-10-13,Parsel_B,37.75,33.65,0.5315132126617029,0.0,14.9,0.4677567553159709
2025-10-14,Parsel_B,37.75,33.65,0.640778420966576,0.0,18.2,0.5020255112253685
2025-10-15,Parsel_B,37.75,33.65,0.5993203366545754,0.0,19.5,0.5362942671347662
2025-10-16,Parsel_B,37.75,33.65,0.5578622523425749,0.0,20.5,0.5705630230441638
2025-10-17,Parsel_B,37.75,33.65,0.5164041680305743,0.0,21.1,0.6048317789535615
2025-10-18,Parsel_B,37.75,33.65,0.4749460837185738,0.0,22.8,0.567636495958706
2025-10-19,Parsel_B,37.75,33.65,0.43348799940657323,0.0,21.4,0.5304412129638505
2025-10-20,Parsel_B,37.75,33.65,0.4677567553159709,0.0,19.1,0.493245929968995
2025-10-21,Parsel_B,37.75,33.65,0.5020255112253685,0.0,19.6,0.4560506469741395
2025-10-22,Parsel_B,37.75,33.65,0.5362942671347662,0.1,22.1,0.41885536397928397
2025-10-23,Parsel_B,37.75,33.65,0.5705630230441638,0.0,22.8,0.3816600809844285
2025-10-24,Parsel_B,37.75,33.65,0.6048317789535615,0.0,24.0,0.34446479798957297
2025-10-25,Parsel_B,37.75,33.65,0.567636495958706,0.0,24.0,0.38607134085447675
2025-10-26,Parsel_B,37.75,33.65,0.5304412129638505,0.0,21.6,0.42767788371938054
2025-10-27,Parsel_B,37.75,33.65,0.493245929968995,0.0,25.1,0.46928442658428426
2025-10-28,Parsel_B,37.75,33.65,0.4560506469741395,0.2,24.5,0.5108909694491881
2025-10-29,Parsel_B,37.75,33.65,0.41885536397928397,0.0,17.1,0.5524975123140918
2025-10-30,Parsel_B,37.75,33.65,0.3816600809844285,0.0,17.3,0.5941040551789956
2025-10-31,Parsel_B,37.75,33.65,0.34446479798957297,0.0,21.0,0.6357105980438993
2025-11-01,Parsel_B,37.75,33.65,0.38607134085447675,0.0,20.1,0.6773171409088031
2025-11-02,Parsel_B,37.75,33.65,0.42767788371938054,0.0,18.9,0.6404946718074737
2025-11-03,Parsel_B,37.75,33.65,0.46928442658428426,0.0,23.0,0.6036722027061442
2025-11-04,Parsel_B,37.75,33.65,0.5108909694491881,0.0,21.5,0.5668497336048147
2025-11-05,Parsel_B,37.75,33.65,0.5524975123140918,0.0,21.8,0.5300272645034851
2025-11-06,Parsel_B,37.75,33.65,0.5941040551789956,0.0,21.5,0.4932047954021557
2025-11-07,Parsel_B,37.75,33.65,0.6357105980438993,0.2,22.0,0.4563823263008262
2025-11-08,Parsel_B,37.75,33.65,0.6773171409088031,0.0,21.1,0.41955985719949673
2025-11-09,Parsel_B,37.75,33.65,0.6404946718074737,0.0,20.6,0.38273738809816726
2025-11-10,Parsel_B,37.75,33.65,0.6036722027061442,0.0,22.0,0.3459149189968378
2025-11-11,Parsel_B,37.75,33.65,0.5668497336048147,0.0,21.5,0.30909244989550827
2025-11-12,Parsel_B,37.75,33.65,0.5300272645034851,0.0,18.5,0.35644143075049983
2025-11-13,Parsel_B,37.75,33.65,0.4932047954021557,0.3,15.8,0.4037904116054914
2025-11-14,Parsel_B,37.75,33.65,0.4563823263008262,0.5,12.4,0.42010086792124895
2025-11-15,Parsel_B,37.75,33.65,0.41955985719949673,0.0,8.1,0.43641132423700657
2025-11-16,Parsel_B,37.75,33.65,0.38273738809816726,0.0,13.6,0.45272178055276413
2025-11-17,Parsel_B,37.75,33.65,0.3459149189968378,0.0,16.4,0.4420352102296342
2025-11-18,Parsel_B,37.75,33.65,0.30909244989550827,0.0,16.8,0.43134863990650435
2025-11-19,Parsel_B,37.75,33.65,0.35644143075049983,0.0,18.2,0.4206620695833745
2025-11-20,Parsel_B,37.75,33.65,0.4037904116054914,0.0,19.4,0.40997549926024457
2025-11-21,Parsel_B,37.75,33.65,0.42010086792124895,0.0,20.0,0.39928892893711465
2025-11-22,Parsel_B,37.75,33.65,0.43641132423700657,0.0,24.2,0.3886023586139848
2025-11-23,Parsel_B,37.75,33.65,0.45272178055276413,0.0,23.1,0.3779157882908549
2025-11-24,Parsel_B,37.75,33.65,0.4420352102296342,1.1,20.9,0.367229217967725
2025-11-25,Parsel_B,37.75,33.65,0.43134863990650435,0.9,14.7,0.3565426476445951
2025-11-26,Parsel_B,37.75,33.65,0.4206620695833745,0.0,16.6,0.3458560773214652
2025-11-27,Parsel_B,37.75,33.65,0.40997549926024457,0.0,16.9,0.34736369143310364
2025-11-28,Parsel_B,37.75,33.65,0.39928892893711465,0.0,16.0,0.34887130554474205
2025-11-29,Parsel_B,37.75,33.65,0.3886023586139848,0.0,18.7,0.35037891965638046
2025-11-30,Parsel_B,37.75,33.65,0.3779157882908549,3.9,13.6,0.35188653376801887
2025-12-01,Parsel_B,37.75,33.65,0.367229217967725,0.0,12.3,0.3533941478796573
2025-12-02,Parsel_B,37.75,33.65,0.3565426476445951,0.0,11.6,0.3549017619912957
2025-12-03,Parsel_B,37.75,33.65,0.3458560773214652,0.0,11.4,0.3564093761029341
2025-12-04,Parsel_B,37.75,33.65,0.34736369143310364,0.0,11.9,0.3579169902145726
2025-12-05,Parsel_B,37.75,33.65,0.34887130554474205,4.3,13.2,0.359424604326211
2025-12-06,Parsel_B,37.75,33.65,0.35037891965638046,15.0,15.1,0.3609322184378494
2025-12-07,Parsel_B,37.75,33.65,0.35188653376801887,0.5,12.4,0.3624398325494878
2025-12-08,Parsel_B,37.75,33.65,0.3533941478796573,0.0,10.1,0.3639474466611262
2025-12-09,Parsel_B,37.75,33.65,0.3549017619912957,1.9,7.9,0.36545506077276463
2025-12-10,Parsel_B,37.75,33.65,0.3564093761029341,0.2,9.2,0.36696267488440304
2025-12-11,Parsel_B,37.75,33.65,0.3579169902145726,2.0,8.9,0.36847028899604145
2025-12-12,Parsel_B,37.75,33.65,0.359424604326211,0.0,8.1,0.504981139224453
2025-12-13,Parsel_B,37.75,33.65,0.3609322184378494,0.0,8.3,0.6414919894528646
2025-12-14,Parsel_B,37.75,33.65,0.3624398325494878,0.0,7.4,0.6432583263343263
2025-12-15,Parsel_B,37.75,33.65,0.3639474466611262,0.1,7.1,0.6450246632157882
2025-12-16,Parsel_B,37.75,33.65,0.36545506077276463,0.0,4.6,0.6467910000972501
2025-12-17,Parsel_B,37.75,33.65,0.36696267488440304,0.0,4.7,0.6485573369787119
2025-12-18,Parsel_B,37.75,33.65,0.36847028899604145,0.0,6.3,0.6503236738601736
2025-12-19,Parsel_B,37.75,33.65,0.504981139224453,0.0,7.9,0.6520900107416355
2025-12-20,Parsel_B,37.75,33.65,0.6414919894528646,0.0,7.7,0.6538563476230974
2025-12-21,Parsel_B,37.75,33.65,0.6432583263343263,0.1,9.4,0.6556226845045592
2025-12-22,Parsel_B,37.75,33.65,0.6450246632157882,0.0,9.4,0.657389021386021
2025-12-23,Parsel_B,37.75,33.65,0.6467910000972501,0.0,11.6,0.6591553582674828
2025-12-24,Parsel_B,37.75,33.65,0.6485573369787119,0.0,10.8,0.6591553582674828
2025-12-25,Parsel_B,37.75,33.65,0.6503236738601736,0.3,9.9,0.6591553582674828
2025-12-26,Parsel_B,37.75,33.65,0.6520900107416355,0.8,8.0,0.6591553582674828
2025-12-27,Parsel_B,37.75,33.65,0.6538563476230974,2.1,3.5,0.6591553582674828
2025-12-28,Parsel_B,37.75,33.65,0.6556226845045592,0.0,2.5,0.6591553582674828
2025-12-29,Parsel_B,37.75,33.65,0.657389021386021,0.9,0.6,0.6591553582674828
2025-12-30,Parsel_B,37.75,33.65,0.6591553582674828,5.6,7.1,0.6591553582674828
2025-12-31,Parsel_B,37.75,33.65,0.6591553582674828,35.0,4.7,0.6591553582674828
2026-01-01,Parsel_B,37.75,33.65,0.6591553582674828,3.0,-0.6,0.6591553582674828
2026-01-02,Parsel_B,37.75,33.65,0.6591553582674828,0.0,-5.0,0.6591553582674828
2026-01-03,Parsel_B,37.75,33.65,0.6591553582674828,0.0,2.0,0.6591553582674828
2026-01-04,Parsel_B,37.75,33.65,0.6591553582674828,0.0,5.6,0.6591553582674828
2026-01-05,Parsel_B,37.75,33.65,0.6591553582674828,0.0,8.9,0.6591553582674828
2026-01-06,Parsel_B,37.75,33.65,0.6591553582674828,0.0,10.2,0.6591553582674828
2026-01-07,Parsel_B,37.75,33.65,0.6591553582674828,0.6,13.1,0.6591553582674828
2026-01-08,Parsel_B,37.75,33.65,0.6591553582674828,5.9,16.8,0.6591553582674828
2026-01-09,Parsel_B,37.75,33.65,0.6591553582674828,5.4,7.1,0.6591553582674828
2026-01-10,Parsel_B,37.75,33.65,0.6591553582674828,0.7,10.4,0.6591553582674828
2026-01-11,Parsel_B,37.75,33.65,0.6591553582674828,1.8,12.3,0.6591553582674828
2026-01-12,Parsel_B,37.75,33.65,0.6591553582674828,19.2,6.1,0.6591553582674828
2026-01-13,Parsel_B,37.75,33.65,0.6591553582674828,0.9,1.5,0.6591553582674828
2026-01-14,Parsel_B,37.75,33.65,0.6591553582674828,0.0,0.1,0.6591553582674828
2026-01-15,Parsel_B,37.75,33.65,0.6591553582674828,0.1,3.7,0.6591553582674828
2026-01-16,Parsel_B,37.75,33.65,0.6591553582674828,0.0,6.8,0.6591553582674828
2026-01-17,Parsel_B,37.75,33.65,0.6591553582674828,0.6,2.0,0.6591553582674828
2026-01-18,Parsel_B,37.75,33.65,0.6591553582674828,0.1,-0.3,0.6591553582674828
2026-01-19,Parsel_B,37.75,33.65,0.6591553582674828,0.0,-0.9,0.6591553582674828
2026-01-20,Parsel_B,37.75,33.65,0.6591553582674828,0.1,0.2,0.6591553582674828
2026-01-21,Parsel_B,37.75,33.65,0.6591553582674828,0.0,0.6,0.6591553582674828
2026-01-22,Parsel_B,37.75,33.65,0.6591553582674828,6.3,9.1,0.6591553582674828
2026-01-23,Parsel_B,37.75,33.65,0.6591553582674828,5.4,9.7,0.6591553582674828
2026-01-24,Parsel_B,37.75,33.65,0.6591553582674828,5.7,6.4,0.6591553582674828
2026-01-25,Parsel_B,37.75,33.65,0.6591553582674828,0.0,11.5,0.6591553582674828
2026-01-26,Parsel_B,37.75,33.65,0.6591553582674828,0.0,14.6,0.6591553582674828
2026-01-27,Parsel_B,37.75,33.65,0.6591553582674828,0.8,11.6,0.6591553582674828
2026-01-28,Parsel_B,37.75,33.65,0.6591553582674828,3.5,9.9,0.6591553582674828
2026-01-29,Parsel_B,37.75,33.65,0.6591553582674828,0.1,13.0,0.6591553582674828
2025-02-12,Parsel_C,37.68,33.55,0.3555640178918101,0.6,4.0,0.34367439137673
2025-02-13,Parsel_C,37.68,33.55,0.3555640178918101,7.7,0.4,0.33971118253836996
2025-02-14,Parsel_C,37.68,33.55,0.3555640178918101,0.0,1.1,0.3357479737000099
2025-02-15,Parsel_C,37.68,33.55,0.3555640178918101,0.0,7.2,0.3317847648616499
2025-02-16,Parsel_C,37.68,33.55,0.3555640178918101,0.0,10.6,0.32782155602328983
2025-02-17,Parsel_C,37.68,33.55,0.35160080905345004,0.0,11.8,0.32385834718492984
2025-02-18,Parsel_C,37.68,33.55,0.34763760021509,3.5,10.6,0.3198951383465698
2025-02-19,Parsel_C,37.68,33.55,0.34367439137673,12.6,5.6,0.31593192950820975
2025-02-20,Parsel_C,37.68,33.55,0.33971118253836996,0.0,1.1,0.3367428343283248
2025-02-21,Parsel_C,37.68,33.55,0.3357479737000099,0.0,-2.3,0.35755373914843985
2025-02-22,Parsel_C,37.68,33.55,0.3317847648616499,0.0,-2.0,0.3783646439685549
2025-02-23,Parsel_C,37.68,33.55,0.32782155602328983,0.0,-2.5,0.3991755487886699
2025-02-24,Parsel_C,37.68,33.55,0.32385834718492984,0.0,-1.2,0.41998645360878495
2025-02-25,Parsel_C,37.68,33.55,0.3198951383465698,0.0,4.2,0.4407973584289
2025-02-26,Parsel_C,37.68,33.55,0.31593192950820975,0.0,7.9,0.46160826324901505
2025-02-27,Parsel_C,37.68,33.55,0.3367428343283248,0.0,8.5,0.4824191680691301
2025-02-28,Parsel_C,37.68,33.55,0.35755373914843985,0.0,9.4,0.5032300728892452
2025-03-01,Parsel_C,37.68,33.55,0.3783646439685549,0.9,10.0,0.5240409777093602
2025-03-02,Parsel_C,37.68,33.55,0.3991755487886699,0.0,12.6,0.4950179496943753
2025-03-03,Parsel_C,37.68,33.55,0.41998645360878495,5.5,5.5,0.4659949216793904
2025-03-04,Parsel_C,37.68,33.55,0.4407973584289,0.0,9.1,0.4369718936644055
2025-03-05,Parsel_C,37.68,33.55,0.46160826324901505,0.0,12.6,0.4079488656494206
2025-03-06,Parsel_C,37.68,33.55,0.4824191680691301,0.0,14.6,0.3789258376344357
2025-03-07,Parsel_C,37.68,33.55,0.5032300728892452,0.0,13.9,0.38248754863893075
2025-03-08,Parsel_C,37.68,33.55,0.5240409777093602,0.0,15.6,0.38604925964342585
2025-03-09,Parsel_C,37.68,33.55,0.4950179496943753,0.0,18.5,0.3997181119141371
2025-03-10,Parsel_C,37.68,33.55,0.4659949216793904,0.0,18.5,0.4133869641848484
2025-03-11,Parsel_C,37.68,33.55,0.4369718936644055,0.0,20.6,0.4270558164555596
2025-03-12,Parsel_C,37.68,33.55,0.4079488656494206,0.0,21.4,0.4407246687262709
2025-03-13,Parsel_C,37.68,33.55,0.3789258376344357,0.0,22.1,0.45439352099698216
2025-03-14,Parsel_C,37.68,33.55,0.38248754863893075,0.0,22.8,0.4680623732676934
2025-03-15,Parsel_C,37.68,33.55,0.38604925964342585,0.0,24.5,0.48173122553840464
2025-03-16,Parsel_C,37.68,33.55,0.3997181119141371,0.0,27.2,0.49540007780911594
2025-03-17,Parsel_C,37.68,33.55,0.4133869641848484,2.3,23.0,0.4956347425027997
2025-03-18,Parsel_C,37.68,33.55,0.4270558164555596,0.1,18.4,0.49586940719648354
2025-03-19,Parsel_C,37.68,33.55,0.4407246687262709,1.4,8.6,0.48380035541965033
2025-03-20,Parsel_C,37.68,33.55,0.45439352099698216,1.6,0.8,0.47173130364281707
2025-03-21,Parsel_C,37.68,33.55,0.4680623732676934,0.0,2.8,0.45966225186598386
2025-03-22,Parsel_C,37.68,33.55,0.48173122553840464,0.0,8.3,0.4475932000891506
2025-03-23,Parsel_C,37.68,33.55,0.49540007780911594,0.0,14.2,0.4355241483123174
2025-03-24,Parsel_C,37.68,33.55,0.4956347425027997,0.0,19.0,0.4234550965354842
2025-03-25,Parsel_C,37.68,33.55,0.49586940719648354,0.0,22.7,0.4113860447586509
2025-03-26,Parsel_C,37.68,33.55,0.48380035541965033,0.0,24.5,0.3993169929818177
2025-03-27,Parsel_C,37.68,33.55,0.47173130364281707,0.0,25.1,0.3872479412049845
2025-03-28,Parsel_C,37.68,33.55,0.45966225186598386,0.0,25.4,0.37517888942815125
2025-03-29,Parsel_C,37.68,33.55,0.4475932000891506,0.0,20.8,0.36310983765131805
2025-03-30,Parsel_C,37.68,33.55,0.4355241483123174,0.0,18.5,0.35104078587448484
2025-03-31,Parsel_C,37.68,33.55,0.4234550965354842,0.6,17.9,0.3389717340976516
2025-04-01,Parsel_C,37.68,33.55,0.4113860447586509,1.8,19.0,0.3933241338762325
2025-04-02,Parsel_C,37.68,33.55,0.3993169929818177,0.9,17.3,0.4476765336548134
2025-04-03,Parsel_C,37.68,33.55,0.3872479412049845,0.3,16.4,0.5020289334333943
2025-04-04,Parsel_C,37.68,33.55,0.37517888942815125,4.2,16.7,0.5563813332119751
2025-04-05,Parsel_C,37.68,33.55,0.36310983765131805,3.3,17.4,0.6107337329905561
2025-04-06,Parsel_C,37.68,33.55,0.35104078587448484,0.0,18.0,0.595440692569095
2025-04-07,Parsel_C,37.68,33.55,0.3389717340976516,0.0,20.1,0.580147652147634
2025-04-08,Parsel_C,37.68,33.55,0.3933241338762325,0.0,20.5,0.564854611726173
2025-04-09,Parsel_C,37.68,33.55,0.4476765336548134,3.1,16.1,0.549561571304712
2025-04-10,Parsel_C,37.68,33.55,0.5020289334333943,5.4,7.1,0.5342685308832509
2025-04-11,Parsel_C,37.68,33.55,0.5563813332119751,0.3,12.1,0.5430937545355347
2025-04-12,Parsel_C,37.68,33.55,0.6107337329905561,0.0,9.1,0.5519189781878184
2025-04-13,Parsel_C,37.68,33.55,0.595440692569095,1.0,9.1,0.5607442018401021
2025-04-14,Parsel_C,37.68,33.55,0.580147652147634,0.2,8.6,0.5695694254923859
2025-04-15,Parsel_C,37.68,33.55,0.564854611726173,0.0,13.8,0.5783946491446696
2025-04-16,Parsel_C,37.68,33.55,0.549561571304712,0.0,17.8,0.5618473626974579
2025-04-17,Parsel_C,37.68,33.55,0.5342685308832509,0.0,22.4,0.5453000762502463
2025-04-18,Parsel_C,37.68,33.55,0.5430937545355347,0.0,25.0,0.5287527898030346
2025-04-19,Parsel_C,37.68,33.55,0.5519189781878184,0.0,26.6,0.512205503355823
2025-04-20,Parsel_C,37.68,33.55,0.5607442018401021,0.0,22.9,0.49565821690861134
2025-04-21,Parsel_C,37.68,33.55,0.5695694254923859,0.0,24.2,0.47911093046139963
2025-04-22,Parsel_C,37.68,33.55,0.5783946491446696,0.0,27.5,0.462563644014188
2025-04-23,Parsel_C,37.68,33.55,0.5618473626974579,0.0,26.2,0.44601635756697633
2025-04-24,Parsel_C,37.68,33.55,0.5453000762502463,0.0,25.1,0.4294690711197647
2025-04-25,Parsel_C,37.68,33.55,0.5287527898030346,0.4,20.5,0.412921784672553
2025-04-26,Parsel_C,37.68,33.55,0.512205503355823,2.1,19.5,0.3963744982253413
2025-04-27,Parsel_C,37.68,33.55,0.49565821690861134,0.0,21.0,0.37982721177812967
2025-04-28,Parsel_C,37.68,33.55,0.47911093046139963,0.0,22.0,0.363279925330918
2025-04-29,Parsel_C,37.68,33.55,0.462563644014188,21.2,15.9,0.3467326388837063
2025-04-30,Parsel_C,37.68,33.55,0.44601635756697633,3.7,19.0,0.33018535243649466
2025-05-01,Parsel_C,37.68,33.55,0.4294690711197647,0.1,21.0,0.3586339525651687
2025-05-02,Parsel_C,37.68,33.55,0.412921784672553,2.0,18.8,0.3870825526938428
2025-05-03,Parsel_C,37.68,33.55,0.3963744982253413,1.8,17.5,0.41553115282251685
2025-05-04,Parsel_C,37.68,33.55,0.37982721177812967,0.0,20.2,0.44397975295119096
2025-05-05,Parsel_C,37.68,33.55,0.363279925330918,0.0,22.1,0.47242835307986497
2025-05-06,Parsel_C,37.68,33.55,0.3467326388837063,0.1,24.8,0.5008769532085391
2025-05-07,Parsel_C,37.68,33.55,0.33018535243649466,0.0,27.8,0.5293255533372132
2025-05-08,Parsel_C,37.68,33.55,0.3586339525651687,2.4,22.7,0.5577741534658872
2025-05-09,Parsel_C,37.68,33.55,0.3870825526938428,0.0,28.7,0.5862227535945612
2025-05-10,Parsel_C,37.68,33.55,0.41553115282251685,1.0,30.4,0.6146713537232353
2025-05-11,Parsel_C,37.68,33.55,0.44397975295119096,0.4,27.0,0.5657947749941594
2025-05-12,Parsel_C,37.68,33.55,0.47242835307986497,1.5,26.9,0.5169181962650834
2025-05-13,Parsel_C,37.68,33.55,0.5008769532085391,2.5,20.9,0.4680416175360074
2025-05-14,Parsel_C,37.68,33.55,0.5293255533372132,0.0,21.2,0.41916503880693146
2025-05-15,Parsel_C,37.68,33.55,0.5577741534658872,0.0,20.5,0.3702884600778555
2025-05-16,Parsel_C,37.68,33.55,0.5862227535945612,0.0,27.8,0.41192245662468163
2025-05-17,Parsel_C,37.68,33.55,0.6146713537232353,0.0,30.0,0.4535564531715077
2025-05-18,Parsel_C,37.68,33.55,0.5657947749941594,0.0,29.8,0.49519044971833387
2025-05-19,Parsel_C,37.68,33.55,0.5169181962650834,0.0,23.4,0.53682444626516
2025-05-20,Parsel_C,37.68,33.55,0.4680416175360074,0.0,25.7,0.5784584428119861
2025-05-21,Parsel_C,37.68,33.55,0.41916503880693146,0.0,25.5,0.565174366444299
2025-05-22,Parsel_C,37.68,33.55,0.3702884600778555,0.0,28.1,0.5518902900766118
2025-05-23,Parsel_C,37.68,33.55,0.41192245662468163,0.0,30.0,0.5386062137089247
2025-05-24,Parsel_C,37.68,33.55,0.4535564531715077,0.0,29.7,0.5253221373412376
2025-05-25,Parsel_C,37.68,33.55,0.49519044971833387,0.0,32.5,0.5120380609735504
2025-05-26,Parsel_C,37.68,33.55,0.53682444626516,0.0,33.2,0.4987539846058633
2025-05-27,Parsel_C,37.68,33.55,0.5784584428119861,0.0,27.6,0.4854699082381761
2025-05-28,Parsel_C,37.68,33.55,0.565174366444299,0.0,23.5,0.47218583187048896
2025-05-29,Parsel_C,37.68,33.55,0.5518902900766118,6.7,23.6,0.4589017555028018
2025-05-30,Parsel_C,37.68,33.55,0.5386062137089247,1.7,21.3,0.4456176791351147
2025-05-31,Parsel_C,37.68,33.55,0.5253221373412376,2.6,21.9,0.48390758656327165
2025-06-01,Parsel_C,37.68,33.55,0.5120380609735504,10.3,21.3,0.5221974939914286
2025-06-02,Parsel_C,37.68,33.55,0.4987539846058633,0.1,21.2,0.5604874014195855
2025-06-03,Parsel_C,37.68,33.55,0.4854699082381761,0.0,22.2,0.5987773088477425
2025-06-04,Parsel_C,37.68,33.55,0.47218583187048896,0.0,24.0,0.6370672162758995
2025-06-05,Parsel_C,37.68,33.55,0.4589017555028018,0.0,28.0,0.6654938892022397
2025-06-06,Parsel_C,37.68,33.55,0.4456176791351147,0.0,30.3,0.69392056212858
2025-06-07,Parsel_C,37.68,33.55,0.48390758656327165,0.0,30.8,0.5760561542159238
2025-06-08,Parsel_C,37.68,33.55,0.5221974939914286,0.0,30.1,0.45819174630326764
2025-06-09,Parsel_C,37.68,33.55,0.5604874014195855,0.0,32.4,0.34032733839061147
2025-06-10,Parsel_C,37.68,33.55,0.5987773088477425,0.0,32.2,0.33555818080443317
2025-06-11,Parsel_C,37.68,33.55,0.6370672162758995,0.0,31.0,0.3307890232182549
2025-06-12,Parsel_C,37.68,33.55,0.6654938892022397,0.0,32.7,0.3260198656320765
2025-06-13,Parsel_C,37.68,33.55,0.69392056212858,0.0,34.5,0.3212507080458982
2025-06-14,Parsel_C,37.68,33.55,0.5760561542159238,0.2,28.7,0.31648155045971993
2025-06-15,Parsel_C,37.68,33.55,0.45819174630326764,0.0,26.5,0.38585988979484165
2025-06-16,Parsel_C,37.68,33.55,0.34032733839061147,0.0,25.4,0.4552382291299634
2025-06-17,Parsel_C,37.68,33.55,0.33555818080443317,0.0,25.5,0.5203884919605588
2025-06-18,Parsel_C,37.68,33.55,0.3307890232182549,0.0,27.5,0.5855387547911541
2025-06-19,Parsel_C,37.68,33.55,0.3260198656320765,0.0,29.8,0.6506890176217496
2025-06-20,Parsel_C,37.68,33.55,0.3212507080458982,0.0,31.5,0.5909455684438665
2025-06-21,Parsel_C,37.68,33.55,0.31648155045971993,0.0,31.6,0.5312021192659833
2025-06-22,Parsel_C,37.68,33.55,0.38585988979484165,0.0,27.9,0.47145867008810016
2025-06-23,Parsel_C,37.68,33.55,0.4552382291299634,0.0,27.1,0.41171522091021706
2025-06-24,Parsel_C,37.68,33.55,0.5203884919605588,0.0,29.6,0.3519717717323339
2025-06-25,Parsel_C,37.68,33.55,0.5855387547911541,0.0,32.8,0.45450574892806916
2025-06-26,Parsel_C,37.68,33.55,0.6506890176217496,0.0,33.6,0.5570397261238045
2025-06-27,Parsel_C,37.68,33.55,0.5909455684438665,0.0,33.2,0.5903860059686488
2025-06-28,Parsel_C,37.68,33.55,0.5312021192659833,0.0,31.7,0.6237322858134932
2025-06-29,Parsel_C,37.68,33.55,0.47145867008810016,0.0,28.2,0.6570785656583374
2025-06-30,Parsel_C,37.68,33.55,0.41171522091021706,0.0,25.4,0.6281656404678226
2025-07-01,Parsel_C,37.68,33.55,0.3519717717323339,0.0,29.5,0.5992527152773078
2025-07-02,Parsel_C,37.68,33.55,0.45450574892806916,0.0,28.1,0.570339790086793
2025-07-03,Parsel_C,37.68,33.55,0.5570397261238045,0.0,25.0,0.5414268648962783
2025-07-04,Parsel_C,37.68,33.55,0.5903860059686488,0.0,25.5,0.5125139397057635
2025-07-05,Parsel_C,37.68,33.55,0.6237322858134932,0.0,27.4,0.5003392101389653
2025-07-06,Parsel_C,37.68,33.55,0.6570785656583374,0.0,30.3,0.4881644805721671
2025-07-07,Parsel_C,37.68,33.55,0.6281656404678226,0.0,32.0,0.5063373939533848
2025-07-08,Parsel_C,37.68,33.55,0.5992527152773078,0.0,34.0,0.5245103073346025
2025-07-09,Parsel_C,37.68,33.55,0.570339790086793,0.0,34.9,0.5426832207158202
2025-07-10,Parsel_C,37.68,33.55,0.5414268648962783,0.0,36.8,0.49911701669346065
2025-07-11,Parsel_C,37.68,33.55,0.5125139397057635,0.0,37.5,0.4555508126711011
2025-07-12,Parsel_C,37.68,33.55,0.5003392101389653,0.0,37.2,0.4119846086487416
2025-07-13,Parsel_C,37.68,33.55,0.4881644805721671,0.0,38.2,0.36841840462638203
2025-07-14,Parsel_C,37.68,33.55,0.5063373939533848,0.0,38.3,0.3248522006040225
2025-07-15,Parsel_C,37.68,33.55,0.5245103073346025,0.0,37.3,0.49590568533358526
2025-07-16,Parsel_C,37.68,33.55,0.5426832207158202,0.0,33.3,0.6669591700631481
2025-07-17,Parsel_C,37.68,33.55,0.49911701669346065,0.0,33.4,0.6208881455019961
2025-07-18,Parsel_C,37.68,33.55,0.4555508126711011,0.1,36.2,0.5748171209408441
2025-07-19,Parsel_C,37.68,33.55,0.4119846086487416,0.0,34.0,0.5287460963796922
2025-07-20,Parsel_C,37.68,33.55,0.36841840462638203,0.0,33.0,0.49062498465286325
2025-07-21,Parsel_C,37.68,33.55,0.3248522006040225,0.0,33.6,0.45250387292603433
2025-07-22,Parsel_C,37.68,33.55,0.49590568533358526,0.0,34.0,0.4143827611992055
2025-07-23,Parsel_C,37.68,33.55,0.6669591700631481,0.0,35.5,0.37626164947237656
2025-07-24,Parsel_C,37.68,33.55,0.6208881455019961,0.0,35.5,0.33814053774554764
2025-07-25,Parsel_C,37.68,33.55,0.5748171209408441,0.0,33.4,0.34052255048389685
2025-07-26,Parsel_C,37.68,33.55,0.5287460963796922,0.0,32.9,0.34290456322224605
2025-07-27,Parsel_C,37.68,33.55,0.49062498465286325,0.0,36.5,0.3452865759605952
2025-07-28,Parsel_C,37.68,33.55,0.45250387292603433,0.0,39.2,0.3476685886989444
2025-07-29,Parsel_C,37.68,33.55,0.4143827611992055,0.0,38.8,0.3500506014372936
2025-07-30,Parsel_C,37.68,33.55,0.37626164947237656,0.0,38.5,0.36882721320774997
2025-07-31,Parsel_C,37.68,33.55,0.33814053774554764,0.0,36.9,0.38760382497820633
2025-08-01,Parsel_C,37.68,33.55,0.34052255048389685,0.0,35.8,0.4063804367486627
2025-08-02,Parsel_C,37.68,33.55,0.34290456322224605,0.0,33.8,0.42515704851911906
2025-08-03,Parsel_C,37.68,33.55,0.3452865759605952,0.0,33.2,0.4439336602895755
2025-08-04,Parsel_C,37.68,33.55,0.3476685886989444,0.0,34.0,0.46271027206003185
2025-08-05,Parsel_C,37.68,33.55,0.3500506014372936,0.0,35.7,0.4814868838304882
2025-08-06,Parsel_C,37.68,33.55,0.36882721320774997,0.0,37.0,0.5283616233050581
2025-08-07,Parsel_C,37.68,33.55,0.38760382497820633,0.0,36.2,0.5752363627796279
2025-08-08,Parsel_C,37.68,33.55,0.4063804367486627,0.0,33.8,0.6221111022541977
2025-08-09,Parsel_C,37.68,33.55,0.42515704851911906,0.0,33.9,0.5890656181176668
2025-08-10,Parsel_C,37.68,33.55,0.4439336602895755,0.0,34.1,0.5560201339811358
2025-08-11,Parsel_C,37.68,33.55,0.46271027206003185,0.0,33.7,0.5229746498446048
2025-08-12,Parsel_C,37.68,33.55,0.4814868838304882,0.0,32.9,0.48992916570807393
2025-08-13,Parsel_C,37.68,33.55,0.5283616233050581,0.0,33.5,0.45688368157154297
2025-08-14,Parsel_C,37.68,33.55,0.5752363627796279,0.0,35.8,0.44072130655641273
2025-08-15,Parsel_C,37.68,33.55,0.6221111022541977,0.0,37.2,0.42455893154128255
2025-08-16,Parsel_C,37.68,33.55,0.5890656181176668,0.0,32.9,0.4288575529990302
2025-08-17,Parsel_C,37.68,33.55,0.5560201339811358,0.0,33.3,0.43315617445677795
2025-08-18,Parsel_C,37.68,33.55,0.5229746498446048,0.0,33.7,0.43745479591452563
2025-08-19,Parsel_C,37.68,33.55,0.48992916570807393,0.0,32.7,0.4436805456633592
2025-08-20,Parsel_C,37.68,33.55,0.45688368157154297,0.0,32.7,0.4499062954121928
2025-08-21,Parsel_C,37.68,33.55,0.44072130655641273,0.0,31.4,0.45613204516102634
2025-08-22,Parsel_C,37.68,33.55,0.42455893154128255,0.0,33.2,0.46235779490985995
2025-08-23,Parsel_C,37.68,33.55,0.4288575529990302,0.0,34.2,0.4685835446586935
2025-08-24,Parsel_C,37.68,33.55,0.43315617445677795,0.0,33.7,0.47480929440752706
2025-08-25,Parsel_C,37.68,33.55,0.43745479591452563,0.0,30.0,0.48103504415636067
2025-08-26,Parsel_C,37.68,33.55,0.4436805456633592,0.0,29.5,0.5142152391908674
2025-08-27,Parsel_C,37.68,33.55,0.4499062954121928,0.0,29.0,0.5473954342253741
2025-08-28,Parsel_C,37.68,33.55,0.45613204516102634,0.0,28.5,0.5805756292598808
2025-08-29,Parsel_C,37.68,33.55,0.46235779490985995,0.0,30.9,0.5874593628401501
2025-08-30,Parsel_C,37.68,33.55,0.4685835446586935,0.0,32.7,0.5943430964204193
2025-08-31,Parsel_C,37.68,33.55,0.47480929440752706,0.0,33.8,0.6012268300006886
2025-09-01,Parsel_C,37.68,33.55,0.48103504415636067,0.0,34.5,0.6081105635809578
2025-09-02,Parsel_C,37.68,33.55,0.5142152391908674,0.0,32.7,0.6149942971612271
2025-09-03,Parsel_C,37.68,33.55,0.5473954342253741,0.0,29.7,0.6218780307414963
2025-09-04,Parsel_C,37.68,33.55,0.5805756292598808,0.0,28.0,0.6287617643217656
2025-09-05,Parsel_C,37.68,33.55,0.5874593628401501,0.0,29.8,0.5622127865498443
2025-09-06,Parsel_C,37.68,33.55,0.5943430964204193,0.0,32.0,0.49566380877792304
2025-09-07,Parsel_C,37.68,33.55,0.6012268300006886,0.0,27.5,0.42911483100600184
2025-09-08,Parsel_C,37.68,33.55,0.6081105635809578,1.3,25.4,0.4036332368423377
2025-09-09,Parsel_C,37.68,33.55,0.6149942971612271,0.0,25.1,0.37815164267867357
2025-09-10,Parsel_C,37.68,33.55,0.6218780307414963,0.0,26.5,0.35267004851500944
2025-09-11,Parsel_C,37.68,33.55,0.6287617643217656,0.0,25.6,0.3271884543513453
2025-09-12,Parsel_C,37.68,33.55,0.5622127865498443,0.0,28.3,0.30170686018768117
2025-09-13,Parsel_C,37.68,33.55,0.49566380877792304,0.0,29.4,0.4286511219161674
2025-09-14,Parsel_C,37.68,33.55,0.42911483100600184,0.0,28.2,0.5555953836446537
2025-09-15,Parsel_C,37.68,33.55,0.4036332368423377,0.0,29.8,0.5145465578453365
2025-09-16,Parsel_C,37.68,33.55,0.37815164267867357,0.0,29.3,0.4734977320460193
2025-09-17,Parsel_C,37.68,33.55,0.35267004851500944,0.0,29.2,0.4324489062467021
2025-09-18,Parsel_C,37.68,33.55,0.3271884543513453,0.0,24.7,0.41553729094561853
2025-09-19,Parsel_C,37.68,33.55,0.30170686018768117,0.0,19.6,0.398625675644535
2025-09-20,Parsel_C,37.68,33.55,0.4286511219161674,0.0,23.0,0.3817140603434514
2025-09-21,Parsel_C,37.68,33.55,0.5555953836446537,0.0,23.5,0.3648024450423678
2025-09-22,Parsel_C,37.68,33.55,0.5145465578453365,0.0,23.0,0.34789082974128427
2025-09-23,Parsel_C,37.68,33.55,0.4734977320460193,0.0,27.4,0.3399405969239079
2025-09-24,Parsel_C,37.68,33.55,0.4324489062467021,0.0,27.8,0.3319903641065315
2025-09-25,Parsel_C,37.68,33.55,0.41553729094561853,0.0,27.4,0.39991520388152674
2025-09-26,Parsel_C,37.68,33.55,0.398625675644535,0.0,25.5,0.467840043656522
2025-09-27,Parsel_C,37.68,33.55,0.3817140603434514,0.0,23.8,0.5357648834315172
2025-09-28,Parsel_C,37.68,33.55,0.3648024450423678,0.0,28.0,0.5480893813979011
2025-09-29,Parsel_C,37.68,33.55,0.34789082974128427,0.0,26.5,0.560413879364285
2025-09-30,Parsel_C,37.68,33.55,0.3399405969239079,6.0,20.0,0.5727383773306689
2025-10-01,Parsel_C,37.68,33.55,0.3319903641065315,0.0,20.5,0.5850628752970528
2025-10-02,Parsel_C,37.68,33.55,0.39991520388152674,0.0,22.3,0.5973873732634367
2025-10-03,Parsel_C,37.68,33.55,0.467840043656522,0.0,25.2,0.6097118712298206
2025-10-04,Parsel_C,37.68,33.55,0.5357648834315172,0.0,27.8,0.6220363691962045
2025-10-05,Parsel_C,37.68,33.55,0.5480893813979011,0.0,23.1,0.5450939904651004
2025-10-06,Parsel_C,37.68,33.55,0.560413879364285,0.0,24.8,0.46815161173399633
2025-10-07,Parsel_C,37.68,33.55,0.5727383773306689,0.0,23.4,0.3912092330028923
2025-10-08,Parsel_C,37.68,33.55,0.5850628752970528,0.5,21.3,0.3930266282756282
2025-10-09,Parsel_C,37.68,33.55,0.5973873732634367,1.2,17.1,0.39484402354836406
2025-10-10,Parsel_C,37.68,33.55,0.6097118712298206,0.0,17.1,0.39666141882109995
2025-10-11,Parsel_C,37.68,33.55,0.6220363691962045,0.0,19.0,0.39847881409383584
2025-10-12,Parsel_C,37.68,33.55,0.5450939904651004,2.5,11.2,0.40029620936657173
2025-10-13,Parsel_C,37.68,33.55,0.46815161173399633,0.0,14.2,0.430932992352108
2025-10-14,Parsel_C,37.68,33.55,0.3912092330028923,0.0,17.9,0.4615697753376444
2025-10-15,Parsel_C,37.68,33.55,0.3930266282756282,0.0,19.0,0.49220655832318067
2025-10-16,Parsel_C,37.68,33.55,0.39484402354836406,0.0,19.9,0.522843341308717
2025-10-17,Parsel_C,37.68,33.55,0.39666141882109995,0.0,20.9,0.5534801242942533
2025-10-18,Parsel_C,37.68,33.55,0.39847881409383584,0.0,22.4,0.5198866694376618
2025-10-19,Parsel_C,37.68,33.55,0.40029620936657173,0.0,21.0,0.48629321458107033
2025-10-20,Parsel_C,37.68,33.55,0.430932992352108,0.0,18.6,0.45269975972447885
2025-10-21,Parsel_C,37.68,33.55,0.4615697753376444,0.0,19.2,0.41910630486788736
2025-10-22,Parsel_C,37.68,33.55,0.49220655832318067,0.3,22.0,0.38551285001129587
2025-10-23,Parsel_C,37.68,33.55,0.522843341308717,0.0,22.6,0.3519193951547044
2025-10-24,Parsel_C,37.68,33.55,0.5534801242942533,0.0,23.8,0.3183259402981129
2025-10-25,Parsel_C,37.68,33.55,0.5198866694376618,0.0,23.7,0.3629280402392509
2025-10-26,Parsel_C,37.68,33.55,0.48629321458107033,0.0,21.6,0.4075301401803889
2025-10-27,Parsel_C,37.68,33.55,0.45269975972447885,0.0,24.8,0.4521322401215269
2025-10-28,Parsel_C,37.68,33.55,0.41910630486788736,0.1,24.3,0.4967343400626649
2025-10-29,Parsel_C,37.68,33.55,0.38551285001129587,0.0,16.8,0.541336440003803
2025-10-30,Parsel_C,37.68,33.55,0.3519193951547044,0.0,16.6,0.5859385399449409
2025-10-31,Parsel_C,37.68,33.55,0.3183259402981129,0.0,20.7,0.6305406398860789
2025-11-01,Parsel_C,37.68,33.55,0.3629280402392509,0.0,19.8,0.675142739827217
2025-11-02,Parsel_C,37.68,33.55,0.4075301401803889,0.0,18.4,0.6417023277554326
2025-11-03,Parsel_C,37.68,33.55,0.4521322401215269,0.0,22.5,0.6082619156836482
2025-11-04,Parsel_C,37.68,33.55,0.4967343400626649,0.0,21.5,0.5748215036118638
2025-11-05,Parsel_C,37.68,33.55,0.541336440003803,0.0,21.5,0.5413810915400794
2025-11-06,Parsel_C,37.68,33.55,0.5859385399449409,0.0,21.8,0.507940679468295
2025-11-07,Parsel_C,37.68,33.55,0.6305406398860789,0.3,22.1,0.47450026739651063
2025-11-08,Parsel_C,37.68,33.55,0.675142739827217,0.0,20.1,0.44105985532472625
2025-11-09,Parsel_C,37.68,33.55,0.6417023277554326,0.0,19.7,0.40761944325294186
2025-11-10,Parsel_C,37.68,33.55,0.6082619156836482,0.0,21.0,0.3741790311811575
2025-11-11,Parsel_C,37.68,33.55,0.5748215036118638,0.1,21.5,0.3407386191093731
2025-11-12,Parsel_C,37.68,33.55,0.5413810915400794,0.1,18.0,0.488711497447746
2025-11-13,Parsel_C,37.68,33.55,0.507940679468295,0.1,15.6,0.6366843757861189
2025-11-14,Parsel_C,37.68,33.55,0.47450026739651063,0.1,12.1,0.6574785841714005
2025-11-15,Parsel_C,37.68,33.55,0.44105985532472625,0.0,7.9,0.6782727925566819
2025-11-16,Parsel_C,37.68,33.55,0.40761944325294186,0.0,12.8,0.6990670009419635
2025-11-17,Parsel_C,37.68,33.55,0.3741790311811575,0.0,15.9,0.685392070767143
2025-11-18,Parsel_C,37.68,33.55,0.3407386191093731,0.0,16.5,0.6717171405923225
2025-11-19,Parsel_C,37.68,33.55,0.488711497447746,0.0,17.4,0.658042210417502
2025-11-20,Parsel_C,37.68,33.55,0.6366843757861189,0.0,19.1,0.6443672802426814
2025-11-21,Parsel_C,37.68,33.55,0.6574785841714005,0.0,19.7,0.630692350067861
2025-11-22,Parsel_C,37.68,33.55,0.6782727925566819,0.0,24.3,0.6170174198930405
2025-11-23,Parsel_C,37.68,33.55,0.6990670009419635,0.0,23.0,0.6033424897182199
2025-11-24,Parsel_C,37.68,33.55,0.685392070767143,1.1,20.6,0.5896675595433994
2025-11-25,Parsel_C,37.68,33.55,0.6717171405923225,1.1,14.4,0.5759926293685789
2025-11-26,Parsel_C,37.68,33.55,0.658042210417502,0.0,16.3,0.5623176991937584
2025-11-27,Parsel_C,37.68,33.55,0.6443672802426814,0.0,16.1,0.5579271969197366
2025-11-28,Parsel_C,37.68,33.55,0.630692350067861,0.0,15.4,0.5535366946457148
2025-11-29,Parsel_C,37.68,33.55,0.6170174198930405,0.0,18.0,0.5491461923716929
2025-11-30,Parsel_C,37.68,33.55,0.6033424897182199,7.0,13.4,0.5447556900976711
2025-12-01,Parsel_C,37.68,33.55,0.5896675595433994,1.0,11.9,0.5403651878236493
2025-12-02,Parsel_C,37.68,33.55,0.5759926293685789,0.0,11.1,0.5359746855496275
2025-12-03,Parsel_C,37.68,33.55,0.5623176991937584,0.0,11.1,0.5315841832756056
2025-12-04,Parsel_C,37.68,33.55,0.5579271969197366,0.0,11.4,0.5271936810015838
2025-12-05,Parsel_C,37.68,33.55,0.5535366946457148,0.9,13.2,0.522803178727562
2025-12-06,Parsel_C,37.68,33.55,0.5491461923716929,9.7,14.9,0.5184126764535402
2025-12-07,Parsel_C,37.68,33.55,0.5447556900976711,0.3,12.0,0.5140221741795183
2025-12-08,Parsel_C,37.68,33.55,0.5403651878236493,0.0,10.2,0.5096316719054965
2025-12-09,Parsel_C,37.68,33.55,0.5359746855496275,1.6,7.9,0.5052411696314747
2025-12-10,Parsel_C,37.68,33.55,0.5315841832756056,0.0,9.4,0.5008506673574529
2025-12-11,Parsel_C,37.68,33.55,0.5271936810015838,1.1,8.8,0.4964601650834311
2025-12-12,Parsel_C,37.68,33.55,0.522803178727562,0.0,7.9,0.5033104027847699
2025-12-13,Parsel_C,37.68,33.55,0.5184126764535402,0.0,8.5,0.5101606404861088
2025-12-14,Parsel_C,37.68,33.55,0.5140221741795183,0.0,6.8,0.4891862237329295
2025-12-15,Parsel_C,37.68,33.55,0.5096316719054965,0.0,7.1,0.46821180697975023
2025-12-16,Parsel_C,37.68,33.55,0.5052411696314747,0.0,4.4,0.447237390226571
2025-12-17,Parsel_C,37.68,33.55,0.5008506673574529,0.0,4.9,0.4262629734733917
2025-12-18,Parsel_C,37.68,33.55,0.4964601650834311,0.0,5.9,0.40528855672021247
2025-12-19,Parsel_C,37.68,33.55,0.5033104027847699,0.0,7.5,0.38431413996703323
2025-12-20,Parsel_C,37.68,33.55,0.5101606404861088,0.0,7.6,0.363339723213854
2025-12-21,Parsel_C,37.68,33.55,0.4891862237329295,0.1,9.9,0.3423653064606747
2025-12-22,Parsel_C,37.68,33.55,0.46821180697975023,0.0,8.9,0.3213908897074954
2025-12-23,Parsel_C,37.68,33.55,0.447237390226571,0.0,11.2,0.30041647295431617
2025-12-24,Parsel_C,37.68,33.55,0.4262629734733917,0.1,10.3,0.30041647295431617
2025-12-25,Parsel_C,37.68,33.55,0.40528855672021247,0.1,9.9,0.30041647295431617
2025-12-26,Parsel_C,37.68,33.55,0.38431413996703323,0.5,7.9,0.30041647295431617
2025-12-27,Parsel_C,37.68,33.55,0.363339723213854,1.8,3.5,0.30041647295431617
2025-12-28,Parsel_C,37.68,33.55,0.3423653064606747,0.0,2.5,0.30041647295431617
2025-12-29,Parsel_C,37.68,33.55,0.3213908897074954,1.2,0.3,0.30041647295431617
2025-12-30,Parsel_C,37.68,33.55,0.30041647295431617,6.4,6.1,0.30041647295431617
2025-12-31,Parsel_C,37.68,33.55,0.30041647295431617,39.1,4.1,0.30041647295431617
2026-01-01,Parsel_C,37.68,33.55,0.30041647295431617,1.9,-0.4,0.30041647295431617
2026-01-02,Parsel_C,37.68,33.55,0.30041647295431617,0.0,-5.3,0.30041647295431617
2026-01-03,Parsel_C,37.68,33.55,0.30041647295431617,0.0,0.4,0.30041647295431617
2026-01-04,Parsel_C,37.68,33.55,0.30041647295431617,0.0,4.6,0.30041647295431617
2026-01-05,Parsel_C,37.68,33.55,0.30041647295431617,0.0,6.8,0.30041647295431617
2026-01-06,Parsel_C,37.68,33.55,0.30041647295431617,0.0,9.2,0.30041647295431617
2026-01-07,Parsel_C,37.68,33.55,0.30041647295431617,0.0,11.7,0.30041647295431617
2026-01-08,Parsel_C,37.68,33.55,0.30041647295431617,4.2,16.5,0.30041647295431617
2026-01-09,Parsel_C,37.68,33.55,0.30041647295431617,5.7,6.5,0.30041647295431617
2026-01-10,Parsel_C,37.68,33.55,0.30041647295431617,0.0,9.6,0.30041647295431617
2026-01-11,Parsel_C,37.68,33.55,0.30041647295431617,2.0,12.2,0.30041647295431617
2026-01-12,Parsel_C,37.68,33.55,0.30041647295431617,19.9,5.8,0.30041647295431617
2026-01-13,Parsel_C,37.68,33.55,0.30041647295431617,0.4,0.4,0.30041647295431617
2026-01-14,Parsel_C,37.68,33.55,0.30041647295431617,0.0,-0.2,0.30041647295431617
2026-01-15,Parsel_C,37.68,33.55,0.30041647295431617,0.0,2.7,0.30041647295431617
2026-01-16,Parsel_C,37.68,33.55,0.30041647295431617,0.0,6.2,0.30041647295431617
2026-01-17,Parsel_C,37.68,33.55,0.30041647295431617,0.7,1.8,0.30041647295431617
2026-01-18,Parsel_C,37.68,33.55,0.30041647295431617,0.1,-0.9,0.30041647295431617
2026-01-19,Parsel_C,37.68,33.55,0.30041647295431617,0.0,-1.4,0.30041647295431617
2026-01-20,Parsel_C,37.68,33.55,0.30041647295431617,0.0,0.1,0.30041647295431617
2026-01-21,Parsel_C,37.68,33.55,0.30041647295431617,0.0,0.2,0.30041647295431617
2026-01-22,Parsel_C,37.68,33.55,0.30041647295431617,3.4,8.9,0.30041647295431617
2026-01-23,Parsel_C,37.68,33.55,0.30041647295431617,4.8,9.6,0.30041647295431617
2026-01-24,Parsel_C,37.68,33.55,0.30041647295431617,1.8,8.1,0.30041647295431617
2026-01-25,Parsel_C,37.68,33.55,0.30041647295431617,0.0,11.1,0.30041647295431617
2026-01-26,Parsel_C,37.68,33.55,0.30041647295431617,0.0,13.9,0.30041647295431617
2026-01-27,Parsel_C,37.68,33.55,0.30041647295431617,1.2,11.9,0.30041647295431617
2026-01-28,Parsel_C,37.68,33.55,0.30041647295431617,8.3,9.9,0.30041647295431617
2026-01-29,Parsel_C,37.68,33.55,0.30041647295431617,0.1,12.5,0.30041647295431617
